WARNING: radv is not a conformant Vulkan implementation, testing use only.
WARNING: radv is not a conformant Vulkan implementation, testing use only.
lsfg-vk: enabling device extensions: VK_KHR_external_memory_fd VK_KHR_external_semaphore_fd VK_KHR_timeline_semaphore VK_KHR_swapchain VK_EXT_external_memory_dma_buf VK_EXT_image_drm_format_modifier
WARNING: radv is not a conformant Vulkan implementation, testing use only.
WARNING: radv is not a conformant Vulkan implementation, testing use only.
lsfg-vk: enabling device extensions: VK_KHR_external_memory_fd VK_KHR_external_semaphore_fd VK_KHR_timeline_semaphore VK_KHR_swapchain VK_EXT_external_memory_dma_buf VK_EXT_image_drm_format_modifier
lsfg-vk: processing on 'AMD Radeon RX 9060 XT (RADV GFX1200)' [uuid 00000000870000000000000000000000], dma-buf: yes, drm-modifier-images: yes
lsfg-vk-app: listening on /run/user/1000/lsfg-vk/app.sock (processing on 'AMD Radeon RX 9060 XT (RADV GFX1200)')
lsfg-vk-app: [dbg] main: listener ready, accepting (t+3028 ms)
lsfg-vk-app: [dbg] main: accept returned (t+3028 ms)
lsfg-vk-app: [dbg] dtor: staging fds closed, member destructors next (context/images) (t+3028 ms)
lsfg-vk-app: [dbg] runStream: waiting for HELLO (t+3028 ms)
lsfg-vk-app: [dbg] runStream: HELLO received (t+3028 ms)
lsfg-vk-app: stream from 'AMD Radeon RX 9070 XT (RADV GFX1201)' 500x500 VkFormat(44)
lsfg-vk-app: [dbg] runStream: openContext start (t+3029 ms)
lsfg-vk-app: [dbg] runStream: openContext done (t+3033 ms)
lsfg-vk-app: context created on 'dma-buf' cross-device=1
lsfg-vk-app: [dbg] swapchain extent 2560x1440 fmt=44 (stream 500x500)
lsfg-vk-app: [dbg] present: captureFd 14 signaled within 500ms: yes (fidx 0) (t+3035 ms)
lsfg-vk-app: [dbg] present: FRAME received, scheduleFrames start (fidx 0) (t+3035 ms)
lsfg-vk-app: [dbg] present: scheduleFrames done (fidx 0) (t+3035 ms)
lsfg-vk-app: [dbg] present: doneFd[0] 14 signaled within 500ms: yes (fidx 0) (t+3037 ms)
lsfg-vk-app: [dbg] present: acquire gen 0/1 (fidx 0) (t+3037 ms)
lsfg-vk-app: [dbg] present: acquire real (fidx 0) (t+3037 ms)
lsfg-vk-app: [dbg] present: captureFd 14 signaled within 500ms: yes (fidx 1) (t+3054 ms)
lsfg-vk-app: [dbg] present: FRAME received, scheduleFrames start (fidx 1) (t+3054 ms)
lsfg-vk-app: [dbg] present: scheduleFrames done (fidx 1) (t+3054 ms)
lsfg-vk-app: [dbg] present: doneFd[0] 14 signaled within 500ms: yes (fidx 1) (t+3056 ms)
lsfg-vk-app: [dbg] present: acquire gen 0/1 (fidx 1) (t+3056 ms)
lsfg-vk-app: [dbg] present: acquire real (fidx 1) (t+3057 ms)
lsfg-vk-app: [dbg] present: captureFd 14 signaled within 500ms: yes (fidx 2) (t+3073 ms)
lsfg-vk-app: [dbg] present: FRAME received, scheduleFrames start (fidx 2) (t+3073 ms)
lsfg-vk-app: [dbg] present: scheduleFrames done (fidx 2) (t+3073 ms)
lsfg-vk-app: [dbg] present: doneFd[0] 14 signaled within 500ms: yes (fidx 2) (t+3075 ms)
lsfg-vk-app: [dbg] present: acquire gen 0/1 (fidx 2) (t+3075 ms)
lsfg-vk-app: [dbg] present: acquire real (fidx 2) (t+3075 ms)
lsfg-vk-app: [dbg] present: captureFd 14 signaled within 500ms: yes (fidx 3) (t+3092 ms)
lsfg-vk-app: [dbg] present: FRAME received, scheduleFrames start (fidx 3) (t+3092 ms)
lsfg-vk-app: [dbg] present: scheduleFrames done (fidx 3) (t+3092 ms)
lsfg-vk-app: [dbg] present: doneFd[0] 14 signaled within 500ms: yes (fidx 3) (t+3094 ms)
lsfg-vk-app: [dbg] present: acquire gen 0/1 (fidx 3) (t+3094 ms)
lsfg-vk-app: [dbg] present: acquire real (fidx 3) (t+3094 ms)
lsfg-vk-app: [dbg] present: captureFd 14 signaled within 500ms: yes (fidx 4) (t+3111 ms)
lsfg-vk-app: [dbg] present: FRAME received, scheduleFrames start (fidx 4) (t+3111 ms)
lsfg-vk-app: [dbg] present: scheduleFrames done (fidx 4) (t+3111 ms)
lsfg-vk-app: [dbg] present: doneFd[0] 14 signaled within 500ms: yes (fidx 4) (t+3114 ms)
lsfg-vk-app: [dbg] present: acquire gen 0/1 (fidx 4) (t+3114 ms)
lsfg-vk-app: [dbg] present: acquire real (fidx 4) (t+3114 ms)
lsfg-vk-app: [dbg] present: captureFd 14 signaled within 500ms: yes (fidx 5) (t+3130 ms)
lsfg-vk-app: [dbg] present: FRAME received, scheduleFrames start (fidx 5) (t+3130 ms)
lsfg-vk-app: [dbg] present: scheduleFrames done (fidx 5) (t+3130 ms)
lsfg-vk-app: [dbg] present: doneFd[0] 14 signaled within 500ms: yes (fidx 5) (t+3132 ms)
lsfg-vk-app: [dbg] present: acquire gen 0/1 (fidx 5) (t+3132 ms)
lsfg-vk-app: [dbg] present: acquire real (fidx 5) (t+3132 ms)
lsfg-vk-app: [dbg] present: captureFd 14 signaled within 500ms: yes (fidx 6) (t+3149 ms)
lsfg-vk-app: [dbg] present: FRAME received, scheduleFrames start (fidx 6) (t+3149 ms)
lsfg-vk-app: [dbg] present: scheduleFrames done (fidx 6) (t+3149 ms)
lsfg-vk-app: [dbg] present: doneFd[0] 14 signaled within 500ms: yes (fidx 6) (t+3152 ms)
lsfg-vk-app: [dbg] present: acquire gen 0/1 (fidx 6) (t+3152 ms)
lsfg-vk-app: [dbg] present: acquire real (fidx 6) (t+3152 ms)
lsfg-vk-app: [dbg] present: captureFd 14 signaled within 500ms: yes (fidx 7) (t+3168 ms)
lsfg-vk-app: [dbg] present: FRAME received, scheduleFrames start (fidx 7) (t+3168 ms)
lsfg-vk-app: [dbg] present: scheduleFrames done (fidx 7) (t+3169 ms)
lsfg-vk-app: [dbg] present: doneFd[0] 14 signaled within 500ms: yes (fidx 7) (t+3171 ms)
lsfg-vk-app: [dbg] present: acquire gen 0/1 (fidx 7) (t+3171 ms)
lsfg-vk-app: [dbg] present: acquire real (fidx 7) (t+3171 ms)
lsfg-vk-app: [dbg] present: captureFd 14 signaled within 500ms: yes (fidx 8) (t+3187 ms)
lsfg-vk-app: [dbg] present: FRAME received, scheduleFrames start (fidx 8) (t+3187 ms)
lsfg-vk-app: [dbg] present: scheduleFrames done (fidx 8) (t+3188 ms)
lsfg-vk-app: [dbg] present: doneFd[0] 14 signaled within 500ms: yes (fidx 8) (t+3191 ms)
lsfg-vk-app: [dbg] present: acquire gen 0/1 (fidx 8) (t+3191 ms)
lsfg-vk-app: [dbg] present: acquire real (fidx 8) (t+3191 ms)
lsfg-vk-app: [dbg] present: captureFd 14 signaled within 500ms: yes (fidx 9) (t+3207 ms)
lsfg-vk-app: [dbg] present: FRAME received, scheduleFrames start (fidx 9) (t+3207 ms)
lsfg-vk-app: [dbg] present: scheduleFrames done (fidx 9) (t+3207 ms)
lsfg-vk-app: [dbg] present: doneFd[0] 14 signaled within 500ms: yes (fidx 9) (t+3210 ms)
lsfg-vk-app: [dbg] present: acquire gen 0/1 (fidx 9) (t+3210 ms)
lsfg-vk-app: [dbg] present: acquire real (fidx 9) (t+3210 ms)
lsfg-vk-app: [dbg] present: captureFd 14 signaled within 500ms: yes (fidx 10) (t+3226 ms)
lsfg-vk-app: [dbg] present: FRAME received, scheduleFrames start (fidx 10) (t+3226 ms)
lsfg-vk-app: [dbg] present: scheduleFrames done (fidx 10) (t+3227 ms)
lsfg-vk-app: [dbg] present: doneFd[0] 14 signaled within 500ms: yes (fidx 10) (t+3228 ms)
lsfg-vk-app: [dbg] present: acquire gen 0/1 (fidx 10) (t+3228 ms)
lsfg-vk-app: [dbg] present: acquire real (fidx 10) (t+3228 ms)
lsfg-vk-app: [dbg] present: captureFd 14 signaled within 500ms: yes (fidx 11) (t+3245 ms)
lsfg-vk-app: [dbg] present: FRAME received, scheduleFrames start (fidx 11) (t+3245 ms)
lsfg-vk-app: [dbg] present: scheduleFrames done (fidx 11) (t+3245 ms)
lsfg-vk-app: [dbg] present: doneFd[0] 14 signaled within 500ms: yes (fidx 11) (t+3249 ms)
lsfg-vk-app: [dbg] present: acquire gen 0/1 (fidx 11) (t+3249 ms)
lsfg-vk-app: [dbg] present: acquire real (fidx 11) (t+3249 ms)
lsfg-vk-app: [dbg] present: captureFd 14 signaled within 500ms: yes (fidx 12) (t+3265 ms)
lsfg-vk-app: [dbg] present: FRAME received, scheduleFrames start (fidx 12) (t+3265 ms)
lsfg-vk-app: [dbg] present: scheduleFrames done (fidx 12) (t+3265 ms)
lsfg-vk-app: [dbg] present: doneFd[0] 14 signaled within 500ms: yes (fidx 12) (t+3268 ms)
lsfg-vk-app: [dbg] present: acquire gen 0/1 (fidx 12) (t+3268 ms)
lsfg-vk-app: [dbg] present: acquire real (fidx 12) (t+3268 ms)
lsfg-vk-app: [dbg] present: captureFd 14 signaled within 500ms: yes (fidx 13) (t+3284 ms)
lsfg-vk-app: [dbg] present: FRAME received, scheduleFrames start (fidx 13) (t+3284 ms)
lsfg-vk-app: [dbg] present: scheduleFrames done (fidx 13) (t+3284 ms)
lsfg-vk-app: [dbg] present: doneFd[0] 14 signaled within 500ms: yes (fidx 13) (t+3287 ms)
lsfg-vk-app: [dbg] present: acquire gen 0/1 (fidx 13) (t+3287 ms)
lsfg-vk-app: [dbg] present: acquire real (fidx 13) (t+3287 ms)
lsfg-vk-app: [dbg] present: captureFd 14 signaled within 500ms: yes (fidx 14) (t+3303 ms)
lsfg-vk-app: [dbg] present: FRAME received, scheduleFrames start (fidx 14) (t+3303 ms)
lsfg-vk-app: [dbg] present: scheduleFrames done (fidx 14) (t+3303 ms)
lsfg-vk-app: [dbg] present: doneFd[0] 14 signaled within 500ms: yes (fidx 14) (t+3305 ms)
lsfg-vk-app: [dbg] present: acquire gen 0/1 (fidx 14) (t+3305 ms)
lsfg-vk-app: [dbg] present: acquire real (fidx 14) (t+3305 ms)
lsfg-vk-app: [dbg] present: captureFd 14 signaled within 500ms: yes (fidx 15) (t+3322 ms)
lsfg-vk-app: [dbg] present: FRAME received, scheduleFrames start (fidx 15) (t+3322 ms)
lsfg-vk-app: [dbg] present: scheduleFrames done (fidx 15) (t+3323 ms)
lsfg-vk-app: [dbg] present: doneFd[0] 14 signaled within 500ms: yes (fidx 15) (t+3325 ms)
lsfg-vk-app: [dbg] present: acquire gen 0/1 (fidx 15) (t+3325 ms)
lsfg-vk-app: [dbg] present: acquire real (fidx 15) (t+3326 ms)
lsfg-vk-app: [dbg] present: captureFd 14 signaled within 500ms: yes (fidx 16) (t+3343 ms)
lsfg-vk-app: [dbg] present: FRAME received, scheduleFrames start (fidx 16) (t+3343 ms)
lsfg-vk-app: [dbg] present: scheduleFrames done (fidx 16) (t+3343 ms)
lsfg-vk-app: [dbg] present: doneFd[0] 14 signaled within 500ms: yes (fidx 16) (t+3345 ms)
lsfg-vk-app: [dbg] present: acquire gen 0/1 (fidx 16) (t+3345 ms)
lsfg-vk-app: [dbg] present: acquire real (fidx 16) (t+3345 ms)
lsfg-vk-app: [dbg] present: captureFd 14 signaled within 500ms: yes (fidx 17) (t+3362 ms)
lsfg-vk-app: [dbg] present: FRAME received, scheduleFrames start (fidx 17) (t+3362 ms)
lsfg-vk-app: [dbg] present: scheduleFrames done (fidx 17) (t+3362 ms)
lsfg-vk-app: [dbg] present: doneFd[0] 14 signaled within 500ms: yes (fidx 17) (t+3365 ms)
lsfg-vk-app: [dbg] present: acquire gen 0/1 (fidx 17) (t+3365 ms)
lsfg-vk-app: [dbg] present: acquire real (fidx 17) (t+3365 ms)
lsfg-vk-app: [dbg] present: captureFd 14 signaled within 500ms: yes (fidx 18) (t+3381 ms)
lsfg-vk-app: [dbg] present: FRAME received, scheduleFrames start (fidx 18) (t+3381 ms)
lsfg-vk-app: [dbg] present: scheduleFrames done (fidx 18) (t+3381 ms)
lsfg-vk-app: [dbg] present: doneFd[0] 14 signaled within 500ms: yes (fidx 18) (t+3385 ms)
lsfg-vk-app: [dbg] present: acquire gen 0/1 (fidx 18) (t+3385 ms)
lsfg-vk-app: [dbg] present: acquire real (fidx 18) (t+3385 ms)
lsfg-vk-app: [dbg] present: captureFd 14 signaled within 500ms: yes (fidx 19) (t+3401 ms)
lsfg-vk-app: [dbg] present: FRAME received, scheduleFrames start (fidx 19) (t+3401 ms)
lsfg-vk-app: [dbg] present: scheduleFrames done (fidx 19) (t+3401 ms)
lsfg-vk-app: [dbg] present: doneFd[0] 14 signaled within 500ms: yes (fidx 19) (t+3403 ms)
lsfg-vk-app: [dbg] present: acquire gen 0/1 (fidx 19) (t+3403 ms)
lsfg-vk-app: [dbg] present: acquire real (fidx 19) (t+3403 ms)
lsfg-vk-app: [dbg] present: captureFd 14 signaled within 500ms: yes (fidx 20) (t+3420 ms)
lsfg-vk-app: [dbg] present: FRAME received, scheduleFrames start (fidx 20) (t+3420 ms)
lsfg-vk-app: [dbg] present: scheduleFrames done (fidx 20) (t+3420 ms)
lsfg-vk-app: [dbg] present: doneFd[0] 14 signaled within 500ms: yes (fidx 20) (t+3423 ms)
lsfg-vk-app: [dbg] present: acquire gen 0/1 (fidx 20) (t+3423 ms)
lsfg-vk-app: [dbg] present: acquire real (fidx 20) (t+3423 ms)
lsfg-vk-app: [dbg] present: captureFd 14 signaled within 500ms: yes (fidx 21) (t+3441 ms)
lsfg-vk-app: [dbg] present: FRAME received, scheduleFrames start (fidx 21) (t+3441 ms)
lsfg-vk-app: [dbg] present: scheduleFrames done (fidx 21) (t+3441 ms)
lsfg-vk-app: [dbg] present: doneFd[0] 14 signaled within 500ms: yes (fidx 21) (t+3444 ms)
lsfg-vk-app: [dbg] present: acquire gen 0/1 (fidx 21) (t+3444 ms)
lsfg-vk-app: [dbg] present: acquire real (fidx 21) (t+3444 ms)
lsfg-vk-app: [dbg] present: captureFd 14 signaled within 500ms: yes (fidx 22) (t+3461 ms)
lsfg-vk-app: [dbg] present: FRAME received, scheduleFrames start (fidx 22) (t+3461 ms)
lsfg-vk-app: [dbg] present: scheduleFrames done (fidx 22) (t+3461 ms)
lsfg-vk-app: [dbg] present: doneFd[0] 14 signaled within 500ms: yes (fidx 22) (t+3465 ms)
lsfg-vk-app: [dbg] present: acquire gen 0/1 (fidx 22) (t+3465 ms)
lsfg-vk-app: [dbg] present: acquire real (fidx 22) (t+3465 ms)
lsfg-vk-app: [dbg] present: captureFd 14 signaled within 500ms: yes (fidx 23) (t+3481 ms)
lsfg-vk-app: [dbg] present: FRAME received, scheduleFrames start (fidx 23) (t+3481 ms)
lsfg-vk-app: [dbg] present: scheduleFrames done (fidx 23) (t+3482 ms)
lsfg-vk-app: [dbg] present: doneFd[0] 14 signaled within 500ms: yes (fidx 23) (t+3485 ms)
lsfg-vk-app: [dbg] present: acquire gen 0/1 (fidx 23) (t+3485 ms)
lsfg-vk-app: [dbg] present: acquire real (fidx 23) (t+3485 ms)
lsfg-vk-app: [dbg] present: captureFd 14 signaled within 500ms: yes (fidx 24) (t+3501 ms)
lsfg-vk-app: [dbg] present: FRAME received, scheduleFrames start (fidx 24) (t+3501 ms)
lsfg-vk-app: [dbg] present: scheduleFrames done (fidx 24) (t+3501 ms)
lsfg-vk-app: [dbg] present: doneFd[0] 14 signaled within 500ms: yes (fidx 24) (t+3503 ms)
lsfg-vk-app: [dbg] present: acquire gen 0/1 (fidx 24) (t+3503 ms)
lsfg-vk-app: [dbg] present: acquire real (fidx 24) (t+3503 ms)
lsfg-vk-app: [dbg] present: captureFd 14 signaled within 500ms: yes (fidx 25) (t+3520 ms)
lsfg-vk-app: [dbg] present: FRAME received, scheduleFrames start (fidx 25) (t+3520 ms)
lsfg-vk-app: [dbg] present: scheduleFrames done (fidx 25) (t+3520 ms)
lsfg-vk-app: [dbg] present: doneFd[0] 14 signaled within 500ms: yes (fidx 25) (t+3523 ms)
lsfg-vk-app: [dbg] present: acquire gen 0/1 (fidx 25) (t+3523 ms)
lsfg-vk-app: [dbg] present: acquire real (fidx 25) (t+3523 ms)
lsfg-vk-app: [dbg] present: captureFd 14 signaled within 500ms: yes (fidx 26) (t+3539 ms)
lsfg-vk-app: [dbg] present: FRAME received, scheduleFrames start (fidx 26) (t+3539 ms)
lsfg-vk-app: [dbg] present: scheduleFrames done (fidx 26) (t+3539 ms)
lsfg-vk-app: [dbg] present: doneFd[0] 14 signaled within 500ms: yes (fidx 26) (t+3542 ms)
lsfg-vk-app: [dbg] present: acquire gen 0/1 (fidx 26) (t+3542 ms)
lsfg-vk-app: [dbg] present: acquire real (fidx 26) (t+3542 ms)
lsfg-vk-app: [dbg] present: captureFd 14 signaled within 500ms: yes (fidx 27) (t+3559 ms)
lsfg-vk-app: [dbg] present: FRAME received, scheduleFrames start (fidx 27) (t+3559 ms)
lsfg-vk-app: [dbg] present: scheduleFrames done (fidx 27) (t+3559 ms)
lsfg-vk-app: [dbg] present: doneFd[0] 14 signaled within 500ms: yes (fidx 27) (t+3561 ms)
lsfg-vk-app: [dbg] present: acquire gen 0/1 (fidx 27) (t+3561 ms)
lsfg-vk-app: [dbg] present: acquire real (fidx 27) (t+3561 ms)
lsfg-vk-app: [dbg] present: captureFd 14 signaled within 500ms: yes (fidx 28) (t+3577 ms)
lsfg-vk-app: [dbg] present: FRAME received, scheduleFrames start (fidx 28) (t+3577 ms)
lsfg-vk-app: [dbg] present: scheduleFrames done (fidx 28) (t+3578 ms)
lsfg-vk-app: [dbg] present: doneFd[0] 14 signaled within 500ms: yes (fidx 28) (t+3581 ms)
lsfg-vk-app: [dbg] present: acquire gen 0/1 (fidx 28) (t+3581 ms)
lsfg-vk-app: [dbg] present: acquire real (fidx 28) (t+3581 ms)
lsfg-vk-app: [dbg] present: captureFd 14 signaled within 500ms: yes (fidx 29) (t+3598 ms)
lsfg-vk-app: [dbg] present: FRAME received, scheduleFrames start (fidx 29) (t+3598 ms)
lsfg-vk-app: [dbg] present: scheduleFrames done (fidx 29) (t+3598 ms)
lsfg-vk-app: [dbg] present: doneFd[0] 14 signaled within 500ms: yes (fidx 29) (t+3601 ms)
lsfg-vk-app: [dbg] present: acquire gen 0/1 (fidx 29) (t+3601 ms)
lsfg-vk-app: [dbg] present: acquire real (fidx 29) (t+3601 ms)
lsfg-vk-app: [dbg] present: captureFd 14 signaled within 500ms: yes (fidx 30) (t+3618 ms)
lsfg-vk-app: [dbg] present: FRAME received, scheduleFrames start (fidx 30) (t+3618 ms)
lsfg-vk-app: [dbg] present: scheduleFrames done (fidx 30) (t+3618 ms)
lsfg-vk-app: [dbg] present: doneFd[0] 14 signaled within 500ms: yes (fidx 30) (t+3620 ms)
lsfg-vk-app: [dbg] present: acquire gen 0/1 (fidx 30) (t+3620 ms)
lsfg-vk-app: [dbg] present: acquire real (fidx 30) (t+3620 ms)
lsfg-vk-app: [dbg] present: captureFd 14 signaled within 500ms: yes (fidx 31) (t+3637 ms)
lsfg-vk-app: [dbg] present: FRAME received, scheduleFrames start (fidx 31) (t+3637 ms)
lsfg-vk-app: [dbg] present: scheduleFrames done (fidx 31) (t+3637 ms)
lsfg-vk-app: [dbg] present: doneFd[0] 14 signaled within 500ms: yes (fidx 31) (t+3639 ms)
lsfg-vk-app: [dbg] present: acquire gen 0/1 (fidx 31) (t+3639 ms)
lsfg-vk-app: [dbg] present: acquire real (fidx 31) (t+3639 ms)
lsfg-vk-app: [dbg] present: captureFd 14 signaled within 500ms: yes (fidx 32) (t+3655 ms)
lsfg-vk-app: [dbg] present: FRAME received, scheduleFrames start (fidx 32) (t+3655 ms)
lsfg-vk-app: [dbg] present: scheduleFrames done (fidx 32) (t+3656 ms)
lsfg-vk-app: [dbg] present: doneFd[0] 14 signaled within 500ms: yes (fidx 32) (t+3658 ms)
lsfg-vk-app: [dbg] present: acquire gen 0/1 (fidx 32) (t+3658 ms)
lsfg-vk-app: [dbg] present: acquire real (fidx 32) (t+3658 ms)
lsfg-vk-app: [dbg] present: captureFd 14 signaled within 500ms: yes (fidx 33) (t+3675 ms)
lsfg-vk-app: [dbg] present: FRAME received, scheduleFrames start (fidx 33) (t+3675 ms)
lsfg-vk-app: [dbg] present: scheduleFrames done (fidx 33) (t+3675 ms)
lsfg-vk-app: [dbg] present: doneFd[0] 14 signaled within 500ms: yes (fidx 33) (t+3678 ms)
lsfg-vk-app: [dbg] present: acquire gen 0/1 (fidx 33) (t+3678 ms)
lsfg-vk-app: [dbg] present: acquire real (fidx 33) (t+3678 ms)
lsfg-vk-app: [dbg] present: captureFd 14 signaled within 500ms: yes (fidx 34) (t+3695 ms)
lsfg-vk-app: [dbg] present: FRAME received, scheduleFrames start (fidx 34) (t+3695 ms)
lsfg-vk-app: [dbg] present: scheduleFrames done (fidx 34) (t+3695 ms)
lsfg-vk-app: [dbg] present: doneFd[0] 14 signaled within 500ms: yes (fidx 34) (t+3698 ms)
lsfg-vk-app: [dbg] present: acquire gen 0/1 (fidx 34) (t+3698 ms)
lsfg-vk-app: [dbg] present: acquire real (fidx 34) (t+3698 ms)
lsfg-vk-app: [dbg] present: captureFd 14 signaled within 500ms: yes (fidx 35) (t+3715 ms)
lsfg-vk-app: [dbg] present: FRAME received, scheduleFrames start (fidx 35) (t+3715 ms)
lsfg-vk-app: [dbg] present: scheduleFrames done (fidx 35) (t+3715 ms)
lsfg-vk-app: [dbg] present: doneFd[0] 14 signaled within 500ms: yes (fidx 35) (t+3717 ms)
lsfg-vk-app: [dbg] present: acquire gen 0/1 (fidx 35) (t+3717 ms)
lsfg-vk-app: [dbg] present: acquire real (fidx 35) (t+3717 ms)
lsfg-vk-app: [dbg] present: captureFd 14 signaled within 500ms: yes (fidx 36) (t+3733 ms)
lsfg-vk-app: [dbg] present: FRAME received, scheduleFrames start (fidx 36) (t+3733 ms)
lsfg-vk-app: [dbg] present: scheduleFrames done (fidx 36) (t+3734 ms)
lsfg-vk-app: [dbg] present: doneFd[0] 14 signaled within 500ms: yes (fidx 36) (t+3736 ms)
lsfg-vk-app: [dbg] present: acquire gen 0/1 (fidx 36) (t+3736 ms)
lsfg-vk-app: [dbg] present: acquire real (fidx 36) (t+3736 ms)
lsfg-vk-app: [dbg] present: captureFd 14 signaled within 500ms: yes (fidx 37) (t+3753 ms)
lsfg-vk-app: [dbg] present: FRAME received, scheduleFrames start (fidx 37) (t+3753 ms)
lsfg-vk-app: [dbg] present: scheduleFrames done (fidx 37) (t+3753 ms)
lsfg-vk-app: [dbg] present: doneFd[0] 14 signaled within 500ms: yes (fidx 37) (t+3755 ms)
lsfg-vk-app: [dbg] present: acquire gen 0/1 (fidx 37) (t+3755 ms)
lsfg-vk-app: [dbg] present: acquire real (fidx 37) (t+3755 ms)
lsfg-vk-app: [dbg] present: captureFd 14 signaled within 500ms: yes (fidx 38) (t+3771 ms)
lsfg-vk-app: [dbg] present: FRAME received, scheduleFrames start (fidx 38) (t+3771 ms)
lsfg-vk-app: [dbg] present: scheduleFrames done (fidx 38) (t+3772 ms)
lsfg-vk-app: [dbg] present: doneFd[0] 14 signaled within 500ms: yes (fidx 38) (t+3774 ms)
lsfg-vk-app: [dbg] present: acquire gen 0/1 (fidx 38) (t+3774 ms)
lsfg-vk-app: [dbg] present: acquire real (fidx 38) (t+3774 ms)
lsfg-vk-app: [dbg] present: captureFd 14 signaled within 500ms: yes (fidx 39) (t+3790 ms)
lsfg-vk-app: [dbg] present: FRAME received, scheduleFrames start (fidx 39) (t+3790 ms)
lsfg-vk-app: [dbg] present: scheduleFrames done (fidx 39) (t+3791 ms)
lsfg-vk-app: [dbg] present: doneFd[0] 14 signaled within 500ms: yes (fidx 39) (t+3793 ms)
lsfg-vk-app: [dbg] present: acquire gen 0/1 (fidx 39) (t+3793 ms)
lsfg-vk-app: [dbg] present: acquire real (fidx 39) (t+3794 ms)
lsfg-vk-app: [dbg] present: captureFd 14 signaled within 500ms: yes (fidx 40) (t+3810 ms)
lsfg-vk-app: [dbg] present: FRAME received, scheduleFrames start (fidx 40) (t+3810 ms)
lsfg-vk-app: [dbg] present: scheduleFrames done (fidx 40) (t+3810 ms)
lsfg-vk-app: [dbg] present: doneFd[0] 14 signaled within 500ms: yes (fidx 40) (t+3814 ms)
lsfg-vk-app: [dbg] present: acquire gen 0/1 (fidx 40) (t+3814 ms)
lsfg-vk-app: [dbg] present: acquire real (fidx 40) (t+3814 ms)
lsfg-vk-app: [dbg] present: captureFd 14 signaled within 500ms: yes (fidx 41) (t+3831 ms)
lsfg-vk-app: [dbg] present: FRAME received, scheduleFrames start (fidx 41) (t+3831 ms)
lsfg-vk-app: [dbg] present: scheduleFrames done (fidx 41) (t+3831 ms)
lsfg-vk-app: [dbg] present: doneFd[0] 14 signaled within 500ms: yes (fidx 41) (t+3834 ms)
lsfg-vk-app: [dbg] present: acquire gen 0/1 (fidx 41) (t+3834 ms)
lsfg-vk-app: [dbg] present: acquire real (fidx 41) (t+3835 ms)
lsfg-vk-app: [dbg] present: captureFd 14 signaled within 500ms: yes (fidx 42) (t+3851 ms)
lsfg-vk-app: [dbg] present: FRAME received, scheduleFrames start (fidx 42) (t+3851 ms)
lsfg-vk-app: [dbg] present: scheduleFrames done (fidx 42) (t+3851 ms)
lsfg-vk-app: [dbg] present: doneFd[0] 14 signaled within 500ms: yes (fidx 42) (t+3853 ms)
lsfg-vk-app: [dbg] present: acquire gen 0/1 (fidx 42) (t+3853 ms)
lsfg-vk-app: [dbg] present: acquire real (fidx 42) (t+3854 ms)
lsfg-vk-app: [dbg] present: captureFd 14 signaled within 500ms: yes (fidx 43) (t+3871 ms)
lsfg-vk-app: [dbg] present: FRAME received, scheduleFrames start (fidx 43) (t+3871 ms)
lsfg-vk-app: [dbg] present: scheduleFrames done (fidx 43) (t+3871 ms)
lsfg-vk-app: [dbg] present: doneFd[0] 14 signaled within 500ms: yes (fidx 43) (t+3874 ms)
lsfg-vk-app: [dbg] present: acquire gen 0/1 (fidx 43) (t+3874 ms)
lsfg-vk-app: [dbg] present: acquire real (fidx 43) (t+3874 ms)
lsfg-vk-app: [dbg] present: captureFd 14 signaled within 500ms: yes (fidx 44) (t+3890 ms)
lsfg-vk-app: [dbg] present: FRAME received, scheduleFrames start (fidx 44) (t+3890 ms)
lsfg-vk-app: [dbg] present: scheduleFrames done (fidx 44) (t+3890 ms)
lsfg-vk-app: [dbg] present: doneFd[0] 14 signaled within 500ms: yes (fidx 44) (t+3893 ms)
lsfg-vk-app: [dbg] present: acquire gen 0/1 (fidx 44) (t+3893 ms)
lsfg-vk-app: [dbg] present: acquire real (fidx 44) (t+3894 ms)
lsfg-vk-app: [dbg] present: captureFd 14 signaled within 500ms: yes (fidx 45) (t+3910 ms)
lsfg-vk-app: [dbg] present: FRAME received, scheduleFrames start (fidx 45) (t+3910 ms)
lsfg-vk-app: [dbg] present: scheduleFrames done (fidx 45) (t+3910 ms)
lsfg-vk-app: [dbg] present: doneFd[0] 14 signaled within 500ms: yes (fidx 45) (t+3913 ms)
lsfg-vk-app: [dbg] present: acquire gen 0/1 (fidx 45) (t+3913 ms)
lsfg-vk-app: [dbg] present: acquire real (fidx 45) (t+3913 ms)
lsfg-vk-app: [dbg] present: captureFd 14 signaled within 500ms: yes (fidx 46) (t+3929 ms)
lsfg-vk-app: [dbg] present: FRAME received, scheduleFrames start (fidx 46) (t+3929 ms)
lsfg-vk-app: [dbg] present: scheduleFrames done (fidx 46) (t+3929 ms)
lsfg-vk-app: [dbg] present: doneFd[0] 14 signaled within 500ms: yes (fidx 46) (t+3933 ms)
lsfg-vk-app: [dbg] present: acquire gen 0/1 (fidx 46) (t+3933 ms)
lsfg-vk-app: [dbg] present: acquire real (fidx 46) (t+3933 ms)
lsfg-vk-app: [dbg] present: captureFd 14 signaled within 500ms: yes (fidx 47) (t+3949 ms)
lsfg-vk-app: [dbg] present: FRAME received, scheduleFrames start (fidx 47) (t+3949 ms)
lsfg-vk-app: [dbg] present: scheduleFrames done (fidx 47) (t+3949 ms)
lsfg-vk-app: [dbg] present: doneFd[0] 14 signaled within 500ms: yes (fidx 47) (t+3953 ms)
lsfg-vk-app: [dbg] present: acquire gen 0/1 (fidx 47) (t+3953 ms)
lsfg-vk-app: [dbg] present: acquire real (fidx 47) (t+3953 ms)
lsfg-vk-app: [dbg] present: captureFd 14 signaled within 500ms: yes (fidx 48) (t+3969 ms)
lsfg-vk-app: [dbg] present: FRAME received, scheduleFrames start (fidx 48) (t+3969 ms)
lsfg-vk-app: [dbg] present: scheduleFrames done (fidx 48) (t+3969 ms)
lsfg-vk-app: [dbg] present: doneFd[0] 14 signaled within 500ms: yes (fidx 48) (t+3972 ms)
lsfg-vk-app: [dbg] present: acquire gen 0/1 (fidx 48) (t+3972 ms)
lsfg-vk-app: [dbg] present: acquire real (fidx 48) (t+3972 ms)
lsfg-vk-app: [dbg] present: captureFd 14 signaled within 500ms: yes (fidx 49) (t+3989 ms)
lsfg-vk-app: [dbg] present: FRAME received, scheduleFrames start (fidx 49) (t+3989 ms)
lsfg-vk-app: [dbg] present: scheduleFrames done (fidx 49) (t+3989 ms)
lsfg-vk-app: [dbg] present: doneFd[0] 14 signaled within 500ms: yes (fidx 49) (t+3991 ms)
lsfg-vk-app: [dbg] present: acquire gen 0/1 (fidx 49) (t+3991 ms)
lsfg-vk-app: [dbg] present: acquire real (fidx 49) (t+3991 ms)
lsfg-vk-app: [dbg] present: captureFd 14 signaled within 500ms: yes (fidx 50) (t+4008 ms)
lsfg-vk-app: [dbg] present: FRAME received, scheduleFrames start (fidx 50) (t+4008 ms)
lsfg-vk-app: [dbg] present: scheduleFrames done (fidx 50) (t+4008 ms)
lsfg-vk-app: [dbg] present: doneFd[0] 14 signaled within 500ms: yes (fidx 50) (t+4010 ms)
lsfg-vk-app: [dbg] present: acquire gen 0/1 (fidx 50) (t+4010 ms)
lsfg-vk-app: [dbg] present: acquire real (fidx 50) (t+4010 ms)
lsfg-vk-app: [dbg] present: captureFd 14 signaled within 500ms: yes (fidx 51) (t+4026 ms)
lsfg-vk-app: [dbg] present: FRAME received, scheduleFrames start (fidx 51) (t+4026 ms)
lsfg-vk-app: [dbg] present: scheduleFrames done (fidx 51) (t+4027 ms)
lsfg-vk-app: [dbg] present: doneFd[0] 14 signaled within 500ms: yes (fidx 51) (t+4028 ms)
lsfg-vk-app: [dbg] present: acquire gen 0/1 (fidx 51) (t+4028 ms)
lsfg-vk-app: [dbg] present: acquire real (fidx 51) (t+4029 ms)
lsfg-vk-app: [dbg] present: captureFd 14 signaled within 500ms: yes (fidx 52) (t+4045 ms)
lsfg-vk-app: [dbg] present: FRAME received, scheduleFrames start (fidx 52) (t+4045 ms)
lsfg-vk-app: [dbg] present: scheduleFrames done (fidx 52) (t+4045 ms)
lsfg-vk-app: [dbg] present: doneFd[0] 14 signaled within 500ms: yes (fidx 52) (t+4048 ms)
lsfg-vk-app: [dbg] present: acquire gen 0/1 (fidx 52) (t+4048 ms)
lsfg-vk-app: [dbg] present: acquire real (fidx 52) (t+4048 ms)
lsfg-vk-app: [dbg] present: captureFd 14 signaled within 500ms: yes (fidx 53) (t+4065 ms)
lsfg-vk-app: [dbg] present: FRAME received, scheduleFrames start (fidx 53) (t+4065 ms)
lsfg-vk-app: [dbg] present: scheduleFrames done (fidx 53) (t+4065 ms)
lsfg-vk-app: [dbg] present: doneFd[0] 14 signaled within 500ms: yes (fidx 53) (t+4067 ms)
lsfg-vk-app: [dbg] present: acquire gen 0/1 (fidx 53) (t+4067 ms)
lsfg-vk-app: [dbg] present: acquire real (fidx 53) (t+4067 ms)
lsfg-vk-app: [dbg] present: captureFd 14 signaled within 500ms: yes (fidx 54) (t+4084 ms)
lsfg-vk-app: [dbg] present: FRAME received, scheduleFrames start (fidx 54) (t+4084 ms)
lsfg-vk-app: [dbg] present: scheduleFrames done (fidx 54) (t+4084 ms)
lsfg-vk-app: [dbg] present: doneFd[0] 14 signaled within 500ms: yes (fidx 54) (t+4087 ms)
lsfg-vk-app: [dbg] present: acquire gen 0/1 (fidx 54) (t+4087 ms)
lsfg-vk-app: [dbg] present: acquire real (fidx 54) (t+4087 ms)
lsfg-vk-app: [dbg] present: captureFd 14 signaled within 500ms: yes (fidx 55) (t+4103 ms)
lsfg-vk-app: [dbg] present: FRAME received, scheduleFrames start (fidx 55) (t+4103 ms)
lsfg-vk-app: [dbg] present: scheduleFrames done (fidx 55) (t+4103 ms)
lsfg-vk-app: [dbg] present: doneFd[0] 14 signaled within 500ms: yes (fidx 55) (t+4105 ms)
lsfg-vk-app: [dbg] present: acquire gen 0/1 (fidx 55) (t+4105 ms)
lsfg-vk-app: [dbg] present: acquire real (fidx 55) (t+4105 ms)
lsfg-vk-app: [dbg] present: captureFd 14 signaled within 500ms: yes (fidx 56) (t+4121 ms)
lsfg-vk-app: [dbg] present: FRAME received, scheduleFrames start (fidx 56) (t+4121 ms)
lsfg-vk-app: [dbg] present: scheduleFrames done (fidx 56) (t+4122 ms)
lsfg-vk-app: [dbg] present: doneFd[0] 14 signaled within 500ms: yes (fidx 56) (t+4124 ms)
lsfg-vk-app: [dbg] present: acquire gen 0/1 (fidx 56) (t+4124 ms)
lsfg-vk-app: [dbg] present: acquire real (fidx 56) (t+4124 ms)
lsfg-vk-app: [dbg] present: captureFd 14 signaled within 500ms: yes (fidx 57) (t+4140 ms)
lsfg-vk-app: [dbg] present: FRAME received, scheduleFrames start (fidx 57) (t+4140 ms)
lsfg-vk-app: [dbg] present: scheduleFrames done (fidx 57) (t+4141 ms)
lsfg-vk-app: [dbg] present: doneFd[0] 14 signaled within 500ms: yes (fidx 57) (t+4143 ms)
lsfg-vk-app: [dbg] present: acquire gen 0/1 (fidx 57) (t+4143 ms)
lsfg-vk-app: [dbg] present: acquire real (fidx 57) (t+4143 ms)
lsfg-vk-app: [dbg] present: captureFd 14 signaled within 500ms: yes (fidx 58) (t+4160 ms)
lsfg-vk-app: [dbg] present: FRAME received, scheduleFrames start (fidx 58) (t+4160 ms)
lsfg-vk-app: [dbg] present: scheduleFrames done (fidx 58) (t+4160 ms)
lsfg-vk-app: [dbg] present: doneFd[0] 14 signaled within 500ms: yes (fidx 58) (t+4163 ms)
lsfg-vk-app: [dbg] present: acquire gen 0/1 (fidx 58) (t+4163 ms)
lsfg-vk-app: [dbg] present: acquire real (fidx 58) (t+4163 ms)
lsfg-vk-app: [dbg] present: captureFd 14 signaled within 500ms: yes (fidx 59) (t+4179 ms)
lsfg-vk-app: [dbg] present: FRAME received, scheduleFrames start (fidx 59) (t+4179 ms)
lsfg-vk-app: [dbg] present: scheduleFrames done (fidx 59) (t+4179 ms)
lsfg-vk-app: [dbg] present: doneFd[0] 14 signaled within 500ms: yes (fidx 59) (t+4183 ms)
lsfg-vk-app: [dbg] present: acquire gen 0/1 (fidx 59) (t+4183 ms)
lsfg-vk-app: [dbg] present: acquire real (fidx 59) (t+4183 ms)
lsfg-vk-app: [dbg] present: captureFd 14 signaled within 500ms: yes (fidx 60) (t+4199 ms)
lsfg-vk-app: [dbg] present: FRAME received, scheduleFrames start (fidx 60) (t+4199 ms)
lsfg-vk-app: [dbg] present: scheduleFrames done (fidx 60) (t+4200 ms)
lsfg-vk-app: [dbg] present: doneFd[0] 14 signaled within 500ms: yes (fidx 60) (t+4202 ms)
lsfg-vk-app: [dbg] present: acquire gen 0/1 (fidx 60) (t+4202 ms)
lsfg-vk-app: [dbg] present: acquire real (fidx 60) (t+4202 ms)
lsfg-vk-app: [dbg] present: captureFd 14 signaled within 500ms: yes (fidx 61) (t+4219 ms)
lsfg-vk-app: [dbg] present: FRAME received, scheduleFrames start (fidx 61) (t+4219 ms)
lsfg-vk-app: [dbg] present: scheduleFrames done (fidx 61) (t+4219 ms)
lsfg-vk-app: [dbg] present: doneFd[0] 14 signaled within 500ms: yes (fidx 61) (t+4221 ms)
lsfg-vk-app: [dbg] present: acquire gen 0/1 (fidx 61) (t+4221 ms)
lsfg-vk-app: [dbg] present: acquire real (fidx 61) (t+4221 ms)
lsfg-vk-app: [dbg] present: captureFd 14 signaled within 500ms: yes (fidx 62) (t+4237 ms)
lsfg-vk-app: [dbg] present: FRAME received, scheduleFrames start (fidx 62) (t+4237 ms)
lsfg-vk-app: [dbg] present: scheduleFrames done (fidx 62) (t+4237 ms)
lsfg-vk-app: [dbg] present: doneFd[0] 14 signaled within 500ms: yes (fidx 62) (t+4240 ms)
lsfg-vk-app: [dbg] present: acquire gen 0/1 (fidx 62) (t+4240 ms)
lsfg-vk-app: [dbg] present: acquire real (fidx 62) (t+4240 ms)
lsfg-vk-app: [dbg] present: captureFd 14 signaled within 500ms: yes (fidx 63) (t+4256 ms)
lsfg-vk-app: [dbg] present: FRAME received, scheduleFrames start (fidx 63) (t+4256 ms)
lsfg-vk-app: [dbg] present: scheduleFrames done (fidx 63) (t+4256 ms)
lsfg-vk-app: [dbg] present: doneFd[0] 14 signaled within 500ms: yes (fidx 63) (t+4259 ms)
lsfg-vk-app: [dbg] present: acquire gen 0/1 (fidx 63) (t+4259 ms)
lsfg-vk-app: [dbg] present: acquire real (fidx 63) (t+4259 ms)
lsfg-vk-app: [dbg] present: captureFd 14 signaled within 500ms: yes (fidx 64) (t+4275 ms)
lsfg-vk-app: [dbg] present: FRAME received, scheduleFrames start (fidx 64) (t+4275 ms)
lsfg-vk-app: [dbg] present: scheduleFrames done (fidx 64) (t+4275 ms)
lsfg-vk-app: [dbg] present: doneFd[0] 14 signaled within 500ms: yes (fidx 64) (t+4279 ms)
lsfg-vk-app: [dbg] present: acquire gen 0/1 (fidx 64) (t+4279 ms)
lsfg-vk-app: [dbg] present: acquire real (fidx 64) (t+4279 ms)
lsfg-vk-app: [dbg] present: captureFd 14 signaled within 500ms: yes (fidx 65) (t+4295 ms)
lsfg-vk-app: [dbg] present: FRAME received, scheduleFrames start (fidx 65) (t+4295 ms)
lsfg-vk-app: [dbg] present: scheduleFrames done (fidx 65) (t+4295 ms)
lsfg-vk-app: [dbg] present: doneFd[0] 14 signaled within 500ms: yes (fidx 65) (t+4298 ms)
lsfg-vk-app: [dbg] present: acquire gen 0/1 (fidx 65) (t+4298 ms)
lsfg-vk-app: [dbg] present: acquire real (fidx 65) (t+4298 ms)
lsfg-vk-app: [dbg] present: captureFd 14 signaled within 500ms: yes (fidx 66) (t+4314 ms)
lsfg-vk-app: [dbg] present: FRAME received, scheduleFrames start (fidx 66) (t+4314 ms)
lsfg-vk-app: [dbg] present: scheduleFrames done (fidx 66) (t+4314 ms)
lsfg-vk-app: [dbg] present: doneFd[0] 14 signaled within 500ms: yes (fidx 66) (t+4316 ms)
lsfg-vk-app: [dbg] present: acquire gen 0/1 (fidx 66) (t+4316 ms)
lsfg-vk-app: [dbg] present: acquire real (fidx 66) (t+4316 ms)
lsfg-vk-app: [dbg] present: captureFd 14 signaled within 500ms: yes (fidx 67) (t+4333 ms)
lsfg-vk-app: [dbg] present: FRAME received, scheduleFrames start (fidx 67) (t+4333 ms)
lsfg-vk-app: [dbg] present: scheduleFrames done (fidx 67) (t+4334 ms)
lsfg-vk-app: [dbg] present: doneFd[0] 14 signaled within 500ms: yes (fidx 67) (t+4336 ms)
lsfg-vk-app: [dbg] present: acquire gen 0/1 (fidx 67) (t+4336 ms)
lsfg-vk-app: [dbg] present: acquire real (fidx 67) (t+4336 ms)
lsfg-vk-app: [dbg] present: captureFd 14 signaled within 500ms: yes (fidx 68) (t+4353 ms)
lsfg-vk-app: [dbg] present: FRAME received, scheduleFrames start (fidx 68) (t+4353 ms)
lsfg-vk-app: [dbg] present: scheduleFrames done (fidx 68) (t+4353 ms)
lsfg-vk-app: [dbg] present: doneFd[0] 14 signaled within 500ms: yes (fidx 68) (t+4355 ms)
lsfg-vk-app: [dbg] present: acquire gen 0/1 (fidx 68) (t+4355 ms)
lsfg-vk-app: [dbg] present: acquire real (fidx 68) (t+4355 ms)
lsfg-vk-app: [dbg] present: captureFd 14 signaled within 500ms: yes (fidx 69) (t+4372 ms)
lsfg-vk-app: [dbg] present: FRAME received, scheduleFrames start (fidx 69) (t+4372 ms)
lsfg-vk-app: [dbg] present: scheduleFrames done (fidx 69) (t+4372 ms)
lsfg-vk-app: [dbg] present: doneFd[0] 14 signaled within 500ms: yes (fidx 69) (t+4374 ms)
lsfg-vk-app: [dbg] present: acquire gen 0/1 (fidx 69) (t+4374 ms)
lsfg-vk-app: [dbg] present: acquire real (fidx 69) (t+4374 ms)
lsfg-vk-app: [dbg] present: captureFd 14 signaled within 500ms: yes (fidx 70) (t+4391 ms)
lsfg-vk-app: [dbg] present: FRAME received, scheduleFrames start (fidx 70) (t+4391 ms)
lsfg-vk-app: [dbg] present: scheduleFrames done (fidx 70) (t+4391 ms)
lsfg-vk-app: [dbg] present: doneFd[0] 14 signaled within 500ms: yes (fidx 70) (t+4394 ms)
lsfg-vk-app: [dbg] present: acquire gen 0/1 (fidx 70) (t+4394 ms)
lsfg-vk-app: [dbg] present: acquire real (fidx 70) (t+4395 ms)
lsfg-vk-app: [dbg] present: captureFd 14 signaled within 500ms: yes (fidx 71) (t+4412 ms)
lsfg-vk-app: [dbg] present: FRAME received, scheduleFrames start (fidx 71) (t+4412 ms)
lsfg-vk-app: [dbg] present: scheduleFrames done (fidx 71) (t+4412 ms)
lsfg-vk-app: [dbg] present: doneFd[0] 14 signaled within 500ms: yes (fidx 71) (t+4414 ms)
lsfg-vk-app: [dbg] present: acquire gen 0/1 (fidx 71) (t+4414 ms)
lsfg-vk-app: [dbg] present: acquire real (fidx 71) (t+4414 ms)
lsfg-vk-app: [dbg] present: captureFd 14 signaled within 500ms: yes (fidx 72) (t+4431 ms)
lsfg-vk-app: [dbg] present: FRAME received, scheduleFrames start (fidx 72) (t+4431 ms)
lsfg-vk-app: [dbg] present: scheduleFrames done (fidx 72) (t+4431 ms)
lsfg-vk-app: [dbg] present: doneFd[0] 14 signaled within 500ms: yes (fidx 72) (t+4433 ms)
lsfg-vk-app: [dbg] present: acquire gen 0/1 (fidx 72) (t+4433 ms)
lsfg-vk-app: [dbg] present: acquire real (fidx 72) (t+4433 ms)
lsfg-vk-app: [dbg] present: captureFd 14 signaled within 500ms: yes (fidx 73) (t+4450 ms)
lsfg-vk-app: [dbg] present: FRAME received, scheduleFrames start (fidx 73) (t+4450 ms)
lsfg-vk-app: [dbg] present: scheduleFrames done (fidx 73) (t+4451 ms)
lsfg-vk-app: [dbg] present: doneFd[0] 14 signaled within 500ms: yes (fidx 73) (t+4453 ms)
lsfg-vk-app: [dbg] present: acquire gen 0/1 (fidx 73) (t+4453 ms)
lsfg-vk-app: [dbg] present: acquire real (fidx 73) (t+4453 ms)
lsfg-vk-app: [dbg] present: captureFd 14 signaled within 500ms: yes (fidx 74) (t+4470 ms)
lsfg-vk-app: [dbg] present: FRAME received, scheduleFrames start (fidx 74) (t+4470 ms)
lsfg-vk-app: [dbg] present: scheduleFrames done (fidx 74) (t+4471 ms)
lsfg-vk-app: [dbg] present: doneFd[0] 14 signaled within 500ms: yes (fidx 74) (t+4473 ms)
lsfg-vk-app: [dbg] present: acquire gen 0/1 (fidx 74) (t+4473 ms)
lsfg-vk-app: [dbg] present: acquire real (fidx 74) (t+4473 ms)
lsfg-vk-app: [dbg] present: captureFd 14 signaled within 500ms: yes (fidx 75) (t+4490 ms)
lsfg-vk-app: [dbg] present: FRAME received, scheduleFrames start (fidx 75) (t+4490 ms)
lsfg-vk-app: [dbg] present: scheduleFrames done (fidx 75) (t+4490 ms)
lsfg-vk-app: [dbg] present: doneFd[0] 14 signaled within 500ms: yes (fidx 75) (t+4493 ms)
lsfg-vk-app: [dbg] present: acquire gen 0/1 (fidx 75) (t+4493 ms)
lsfg-vk-app: [dbg] present: acquire real (fidx 75) (t+4493 ms)
lsfg-vk-app: [dbg] present: captureFd 14 signaled within 500ms: yes (fidx 76) (t+4510 ms)
lsfg-vk-app: [dbg] present: FRAME received, scheduleFrames start (fidx 76) (t+4510 ms)
lsfg-vk-app: [dbg] present: scheduleFrames done (fidx 76) (t+4510 ms)
lsfg-vk-app: [dbg] present: doneFd[0] 14 signaled within 500ms: yes (fidx 76) (t+4513 ms)
lsfg-vk-app: [dbg] present: acquire gen 0/1 (fidx 76) (t+4513 ms)
lsfg-vk-app: [dbg] present: acquire real (fidx 76) (t+4513 ms)
lsfg-vk-app: [dbg] present: captureFd 14 signaled within 500ms: yes (fidx 77) (t+4530 ms)
lsfg-vk-app: [dbg] present: FRAME received, scheduleFrames start (fidx 77) (t+4530 ms)
lsfg-vk-app: [dbg] present: scheduleFrames done (fidx 77) (t+4530 ms)
lsfg-vk-app: [dbg] present: doneFd[0] 14 signaled within 500ms: yes (fidx 77) (t+4533 ms)
lsfg-vk-app: [dbg] present: acquire gen 0/1 (fidx 77) (t+4533 ms)
lsfg-vk-app: [dbg] present: acquire real (fidx 77) (t+4533 ms)
lsfg-vk-app: [dbg] present: captureFd 14 signaled within 500ms: yes (fidx 78) (t+4550 ms)
lsfg-vk-app: [dbg] present: FRAME received, scheduleFrames start (fidx 78) (t+4550 ms)
lsfg-vk-app: [dbg] present: scheduleFrames done (fidx 78) (t+4550 ms)
lsfg-vk-app: [dbg] present: doneFd[0] 14 signaled within 500ms: yes (fidx 78) (t+4553 ms)
lsfg-vk-app: [dbg] present: acquire gen 0/1 (fidx 78) (t+4553 ms)
lsfg-vk-app: [dbg] present: acquire real (fidx 78) (t+4553 ms)
lsfg-vk-app: [dbg] present: captureFd 14 signaled within 500ms: yes (fidx 79) (t+4570 ms)
lsfg-vk-app: [dbg] present: FRAME received, scheduleFrames start (fidx 79) (t+4570 ms)
lsfg-vk-app: [dbg] present: scheduleFrames done (fidx 79) (t+4570 ms)
lsfg-vk-app: [dbg] present: doneFd[0] 14 signaled within 500ms: yes (fidx 79) (t+4572 ms)
lsfg-vk-app: [dbg] present: acquire gen 0/1 (fidx 79) (t+4572 ms)
lsfg-vk-app: [dbg] present: acquire real (fidx 79) (t+4572 ms)
lsfg-vk-app: [dbg] present: captureFd 14 signaled within 500ms: yes (fidx 80) (t+4589 ms)
lsfg-vk-app: [dbg] present: FRAME received, scheduleFrames start (fidx 80) (t+4589 ms)
lsfg-vk-app: [dbg] present: scheduleFrames done (fidx 80) (t+4590 ms)
lsfg-vk-app: [dbg] present: doneFd[0] 14 signaled within 500ms: yes (fidx 80) (t+4593 ms)
lsfg-vk-app: [dbg] present: acquire gen 0/1 (fidx 80) (t+4593 ms)
lsfg-vk-app: [dbg] present: acquire real (fidx 80) (t+4593 ms)
lsfg-vk-app: [dbg] present: captureFd 14 signaled within 500ms: yes (fidx 81) (t+4610 ms)
lsfg-vk-app: [dbg] present: FRAME received, scheduleFrames start (fidx 81) (t+4610 ms)
lsfg-vk-app: [dbg] present: scheduleFrames done (fidx 81) (t+4610 ms)
lsfg-vk-app: [dbg] present: doneFd[0] 14 signaled within 500ms: yes (fidx 81) (t+4613 ms)
lsfg-vk-app: [dbg] present: acquire gen 0/1 (fidx 81) (t+4613 ms)
lsfg-vk-app: [dbg] present: acquire real (fidx 81) (t+4613 ms)
lsfg-vk-app: [dbg] present: captureFd 14 signaled within 500ms: yes (fidx 82) (t+4630 ms)
lsfg-vk-app: [dbg] present: FRAME received, scheduleFrames start (fidx 82) (t+4630 ms)
lsfg-vk-app: [dbg] present: scheduleFrames done (fidx 82) (t+4630 ms)
lsfg-vk-app: [dbg] present: doneFd[0] 14 signaled within 500ms: yes (fidx 82) (t+4633 ms)
lsfg-vk-app: [dbg] present: acquire gen 0/1 (fidx 82) (t+4633 ms)
lsfg-vk-app: [dbg] present: acquire real (fidx 82) (t+4633 ms)
lsfg-vk-app: [dbg] present: captureFd 14 signaled within 500ms: yes (fidx 83) (t+4651 ms)
lsfg-vk-app: [dbg] present: FRAME received, scheduleFrames start (fidx 83) (t+4651 ms)
lsfg-vk-app: [dbg] present: scheduleFrames done (fidx 83) (t+4651 ms)
lsfg-vk-app: [dbg] present: doneFd[0] 14 signaled within 500ms: yes (fidx 83) (t+4654 ms)
lsfg-vk-app: [dbg] present: acquire gen 0/1 (fidx 83) (t+4654 ms)
lsfg-vk-app: [dbg] present: acquire real (fidx 83) (t+4654 ms)
lsfg-vk-app: [dbg] present: captureFd 14 signaled within 500ms: yes (fidx 84) (t+4671 ms)
lsfg-vk-app: [dbg] present: FRAME received, scheduleFrames start (fidx 84) (t+4671 ms)
lsfg-vk-app: [dbg] present: scheduleFrames done (fidx 84) (t+4671 ms)
lsfg-vk-app: [dbg] present: doneFd[0] 14 signaled within 500ms: yes (fidx 84) (t+4673 ms)
lsfg-vk-app: [dbg] present: acquire gen 0/1 (fidx 84) (t+4673 ms)
lsfg-vk-app: [dbg] present: acquire real (fidx 84) (t+4674 ms)
lsfg-vk-app: [dbg] present: captureFd 14 signaled within 500ms: yes (fidx 85) (t+4690 ms)
lsfg-vk-app: [dbg] present: FRAME received, scheduleFrames start (fidx 85) (t+4690 ms)
lsfg-vk-app: [dbg] present: scheduleFrames done (fidx 85) (t+4690 ms)
lsfg-vk-app: [dbg] present: doneFd[0] 14 signaled within 500ms: yes (fidx 85) (t+4693 ms)
lsfg-vk-app: [dbg] present: acquire gen 0/1 (fidx 85) (t+4693 ms)
lsfg-vk-app: [dbg] present: acquire real (fidx 85) (t+4693 ms)
lsfg-vk-app: [dbg] present: captureFd 14 signaled within 500ms: yes (fidx 86) (t+4711 ms)
lsfg-vk-app: [dbg] present: FRAME received, scheduleFrames start (fidx 86) (t+4711 ms)
lsfg-vk-app: [dbg] present: scheduleFrames done (fidx 86) (t+4711 ms)
lsfg-vk-app: [dbg] present: doneFd[0] 14 signaled within 500ms: yes (fidx 86) (t+4713 ms)
lsfg-vk-app: [dbg] present: acquire gen 0/1 (fidx 86) (t+4713 ms)
lsfg-vk-app: [dbg] present: acquire real (fidx 86) (t+4714 ms)
lsfg-vk-app: [dbg] present: captureFd 14 signaled within 500ms: yes (fidx 87) (t+4731 ms)
lsfg-vk-app: [dbg] present: FRAME received, scheduleFrames start (fidx 87) (t+4731 ms)
lsfg-vk-app: [dbg] present: scheduleFrames done (fidx 87) (t+4731 ms)
lsfg-vk-app: [dbg] present: doneFd[0] 14 signaled within 500ms: yes (fidx 87) (t+4734 ms)
lsfg-vk-app: [dbg] present: acquire gen 0/1 (fidx 87) (t+4734 ms)
lsfg-vk-app: [dbg] present: acquire real (fidx 87) (t+4734 ms)
lsfg-vk-app: [dbg] present: captureFd 14 signaled within 500ms: yes (fidx 88) (t+4751 ms)
lsfg-vk-app: [dbg] present: FRAME received, scheduleFrames start (fidx 88) (t+4751 ms)
lsfg-vk-app: [dbg] present: scheduleFrames done (fidx 88) (t+4751 ms)
lsfg-vk-app: [dbg] present: doneFd[0] 14 signaled within 500ms: yes (fidx 88) (t+4753 ms)
lsfg-vk-app: [dbg] present: acquire gen 0/1 (fidx 88) (t+4753 ms)
lsfg-vk-app: [dbg] present: acquire real (fidx 88) (t+4754 ms)
lsfg-vk-app: [dbg] present: captureFd 14 signaled within 500ms: yes (fidx 89) (t+4771 ms)
lsfg-vk-app: [dbg] present: FRAME received, scheduleFrames start (fidx 89) (t+4771 ms)
lsfg-vk-app: [dbg] present: scheduleFrames done (fidx 89) (t+4771 ms)
lsfg-vk-app: [dbg] present: doneFd[0] 14 signaled within 500ms: yes (fidx 89) (t+4774 ms)
lsfg-vk-app: [dbg] present: acquire gen 0/1 (fidx 89) (t+4774 ms)
lsfg-vk-app: [dbg] present: acquire real (fidx 89) (t+4774 ms)
lsfg-vk-app: [dbg] present: captureFd 14 signaled within 500ms: yes (fidx 90) (t+4791 ms)
lsfg-vk-app: [dbg] present: FRAME received, scheduleFrames start (fidx 90) (t+4791 ms)
lsfg-vk-app: [dbg] present: scheduleFrames done (fidx 90) (t+4792 ms)
lsfg-vk-app: [dbg] present: doneFd[0] 14 signaled within 500ms: yes (fidx 90) (t+4794 ms)
lsfg-vk-app: [dbg] present: acquire gen 0/1 (fidx 90) (t+4794 ms)
lsfg-vk-app: [dbg] present: acquire real (fidx 90) (t+4794 ms)
lsfg-vk-app: [dbg] present: captureFd 14 signaled within 500ms: yes (fidx 91) (t+4811 ms)
lsfg-vk-app: [dbg] present: FRAME received, scheduleFrames start (fidx 91) (t+4811 ms)
lsfg-vk-app: [dbg] present: scheduleFrames done (fidx 91) (t+4811 ms)
lsfg-vk-app: [dbg] present: doneFd[0] 14 signaled within 500ms: yes (fidx 91) (t+4815 ms)
lsfg-vk-app: [dbg] present: acquire gen 0/1 (fidx 91) (t+4815 ms)
lsfg-vk-app: [dbg] present: acquire real (fidx 91) (t+4815 ms)
lsfg-vk-app: [dbg] present: captureFd 14 signaled within 500ms: yes (fidx 92) (t+4832 ms)
lsfg-vk-app: [dbg] present: FRAME received, scheduleFrames start (fidx 92) (t+4832 ms)
lsfg-vk-app: [dbg] present: scheduleFrames done (fidx 92) (t+4833 ms)
lsfg-vk-app: [dbg] present: doneFd[0] 14 signaled within 500ms: yes (fidx 92) (t+4834 ms)
lsfg-vk-app: [dbg] present: acquire gen 0/1 (fidx 92) (t+4834 ms)
lsfg-vk-app: [dbg] present: acquire real (fidx 92) (t+4834 ms)
lsfg-vk-app: [dbg] present: captureFd 14 signaled within 500ms: yes (fidx 93) (t+4851 ms)
lsfg-vk-app: [dbg] present: FRAME received, scheduleFrames start (fidx 93) (t+4851 ms)
lsfg-vk-app: [dbg] present: scheduleFrames done (fidx 93) (t+4851 ms)
lsfg-vk-app: [dbg] present: doneFd[0] 14 signaled within 500ms: yes (fidx 93) (t+4854 ms)
lsfg-vk-app: [dbg] present: acquire gen 0/1 (fidx 93) (t+4854 ms)
lsfg-vk-app: [dbg] present: acquire real (fidx 93) (t+4854 ms)
lsfg-vk-app: [dbg] present: captureFd 14 signaled within 500ms: yes (fidx 94) (t+4871 ms)
lsfg-vk-app: [dbg] present: FRAME received, scheduleFrames start (fidx 94) (t+4871 ms)
lsfg-vk-app: [dbg] present: scheduleFrames done (fidx 94) (t+4871 ms)
lsfg-vk-app: [dbg] present: doneFd[0] 14 signaled within 500ms: yes (fidx 94) (t+4874 ms)
lsfg-vk-app: [dbg] present: acquire gen 0/1 (fidx 94) (t+4874 ms)
lsfg-vk-app: [dbg] present: acquire real (fidx 94) (t+4875 ms)
lsfg-vk-app: [dbg] present: captureFd 14 signaled within 500ms: yes (fidx 95) (t+4892 ms)
lsfg-vk-app: [dbg] present: FRAME received, scheduleFrames start (fidx 95) (t+4892 ms)
lsfg-vk-app: [dbg] present: scheduleFrames done (fidx 95) (t+4892 ms)
lsfg-vk-app: [dbg] present: doneFd[0] 14 signaled within 500ms: yes (fidx 95) (t+4894 ms)
lsfg-vk-app: [dbg] present: acquire gen 0/1 (fidx 95) (t+4894 ms)
lsfg-vk-app: [dbg] present: acquire real (fidx 95) (t+4894 ms)
lsfg-vk-app: [dbg] present: captureFd 14 signaled within 500ms: yes (fidx 96) (t+4911 ms)
lsfg-vk-app: [dbg] present: FRAME received, scheduleFrames start (fidx 96) (t+4911 ms)
lsfg-vk-app: [dbg] present: scheduleFrames done (fidx 96) (t+4912 ms)
lsfg-vk-app: [dbg] present: doneFd[0] 14 signaled within 500ms: yes (fidx 96) (t+4914 ms)
lsfg-vk-app: [dbg] present: acquire gen 0/1 (fidx 96) (t+4914 ms)
lsfg-vk-app: [dbg] present: acquire real (fidx 96) (t+4914 ms)
lsfg-vk-app: [dbg] present: captureFd 14 signaled within 500ms: yes (fidx 97) (t+4931 ms)
lsfg-vk-app: [dbg] present: FRAME received, scheduleFrames start (fidx 97) (t+4931 ms)
lsfg-vk-app: [dbg] present: scheduleFrames done (fidx 97) (t+4931 ms)
lsfg-vk-app: [dbg] present: doneFd[0] 14 signaled within 500ms: yes (fidx 97) (t+4934 ms)
lsfg-vk-app: [dbg] present: acquire gen 0/1 (fidx 97) (t+4934 ms)
lsfg-vk-app: [dbg] present: acquire real (fidx 97) (t+4934 ms)
lsfg-vk-app: [dbg] present: captureFd 14 signaled within 500ms: yes (fidx 98) (t+4951 ms)
lsfg-vk-app: [dbg] present: FRAME received, scheduleFrames start (fidx 98) (t+4951 ms)
lsfg-vk-app: [dbg] present: scheduleFrames done (fidx 98) (t+4952 ms)
lsfg-vk-app: [dbg] present: doneFd[0] 14 signaled within 500ms: yes (fidx 98) (t+4954 ms)
lsfg-vk-app: [dbg] present: acquire gen 0/1 (fidx 98) (t+4954 ms)
lsfg-vk-app: [dbg] present: acquire real (fidx 98) (t+4954 ms)
lsfg-vk-app: [dbg] present: captureFd 14 signaled within 500ms: yes (fidx 99) (t+4971 ms)
lsfg-vk-app: [dbg] present: FRAME received, scheduleFrames start (fidx 99) (t+4971 ms)
lsfg-vk-app: [dbg] present: scheduleFrames done (fidx 99) (t+4972 ms)
lsfg-vk-app: [dbg] present: doneFd[0] 14 signaled within 500ms: yes (fidx 99) (t+4975 ms)
lsfg-vk-app: [dbg] present: acquire gen 0/1 (fidx 99) (t+4975 ms)
lsfg-vk-app: [dbg] present: acquire real (fidx 99) (t+4975 ms)
lsfg-vk-app: [dbg] present: captureFd 14 signaled within 500ms: yes (fidx 100) (t+4992 ms)
lsfg-vk-app: [dbg] present: FRAME received, scheduleFrames start (fidx 100) (t+4992 ms)
lsfg-vk-app: [dbg] present: scheduleFrames done (fidx 100) (t+4992 ms)
lsfg-vk-app: [dbg] present: doneFd[0] 14 signaled within 500ms: yes (fidx 100) (t+4994 ms)
lsfg-vk-app: [dbg] present: acquire gen 0/1 (fidx 100) (t+4994 ms)
lsfg-vk-app: [dbg] present: acquire real (fidx 100) (t+4994 ms)
lsfg-vk-app: [dbg] present: captureFd 14 signaled within 500ms: yes (fidx 101) (t+5011 ms)
lsfg-vk-app: [dbg] present: FRAME received, scheduleFrames start (fidx 101) (t+5011 ms)
lsfg-vk-app: [dbg] present: scheduleFrames done (fidx 101) (t+5011 ms)
lsfg-vk-app: [dbg] present: doneFd[0] 14 signaled within 500ms: yes (fidx 101) (t+5013 ms)
lsfg-vk-app: [dbg] present: acquire gen 0/1 (fidx 101) (t+5013 ms)
lsfg-vk-app: [dbg] present: acquire real (fidx 101) (t+5013 ms)
lsfg-vk-app: [dbg] present: captureFd 14 signaled within 500ms: yes (fidx 102) (t+5030 ms)
lsfg-vk-app: [dbg] present: FRAME received, scheduleFrames start (fidx 102) (t+5031 ms)
lsfg-vk-app: [dbg] present: scheduleFrames done (fidx 102) (t+5031 ms)
lsfg-vk-app: [dbg] present: doneFd[0] 14 signaled within 500ms: yes (fidx 102) (t+5033 ms)
lsfg-vk-app: [dbg] present: acquire gen 0/1 (fidx 102) (t+5033 ms)
lsfg-vk-app: [dbg] present: acquire real (fidx 102) (t+5033 ms)
lsfg-vk-app: [dbg] present: captureFd 14 signaled within 500ms: yes (fidx 103) (t+5051 ms)
lsfg-vk-app: [dbg] present: FRAME received, scheduleFrames start (fidx 103) (t+5051 ms)
lsfg-vk-app: [dbg] present: scheduleFrames done (fidx 103) (t+5051 ms)
lsfg-vk-app: [dbg] present: doneFd[0] 14 signaled within 500ms: yes (fidx 103) (t+5053 ms)
lsfg-vk-app: [dbg] present: acquire gen 0/1 (fidx 103) (t+5053 ms)
lsfg-vk-app: [dbg] present: acquire real (fidx 103) (t+5053 ms)
lsfg-vk-app: [dbg] present: captureFd 14 signaled within 500ms: yes (fidx 104) (t+5071 ms)
lsfg-vk-app: [dbg] present: FRAME received, scheduleFrames start (fidx 104) (t+5071 ms)
lsfg-vk-app: [dbg] present: scheduleFrames done (fidx 104) (t+5071 ms)
lsfg-vk-app: [dbg] present: doneFd[0] 14 signaled within 500ms: yes (fidx 104) (t+5073 ms)
lsfg-vk-app: [dbg] present: acquire gen 0/1 (fidx 104) (t+5073 ms)
lsfg-vk-app: [dbg] present: acquire real (fidx 104) (t+5074 ms)
lsfg-vk-app: [dbg] present: captureFd 14 signaled within 500ms: yes (fidx 105) (t+5090 ms)
lsfg-vk-app: [dbg] present: FRAME received, scheduleFrames start (fidx 105) (t+5090 ms)
lsfg-vk-app: [dbg] present: scheduleFrames done (fidx 105) (t+5091 ms)
lsfg-vk-app: [dbg] present: doneFd[0] 14 signaled within 500ms: yes (fidx 105) (t+5093 ms)
lsfg-vk-app: [dbg] present: acquire gen 0/1 (fidx 105) (t+5093 ms)
lsfg-vk-app: [dbg] present: acquire real (fidx 105) (t+5093 ms)
lsfg-vk-app: [dbg] present: captureFd 14 signaled within 500ms: yes (fidx 106) (t+5110 ms)
lsfg-vk-app: [dbg] present: FRAME received, scheduleFrames start (fidx 106) (t+5110 ms)
lsfg-vk-app: [dbg] present: scheduleFrames done (fidx 106) (t+5111 ms)
lsfg-vk-app: [dbg] present: doneFd[0] 14 signaled within 500ms: yes (fidx 106) (t+5113 ms)
lsfg-vk-app: [dbg] present: acquire gen 0/1 (fidx 106) (t+5113 ms)
lsfg-vk-app: [dbg] present: acquire real (fidx 106) (t+5114 ms)
lsfg-vk-app: [dbg] present: captureFd 14 signaled within 500ms: yes (fidx 107) (t+5131 ms)
lsfg-vk-app: [dbg] present: FRAME received, scheduleFrames start (fidx 107) (t+5131 ms)
lsfg-vk-app: [dbg] present: scheduleFrames done (fidx 107) (t+5131 ms)
lsfg-vk-app: [dbg] present: doneFd[0] 14 signaled within 500ms: yes (fidx 107) (t+5135 ms)
lsfg-vk-app: [dbg] present: acquire gen 0/1 (fidx 107) (t+5135 ms)
lsfg-vk-app: [dbg] present: acquire real (fidx 107) (t+5135 ms)
lsfg-vk-app: [dbg] present: captureFd 14 signaled within 500ms: yes (fidx 108) (t+5152 ms)
lsfg-vk-app: [dbg] present: FRAME received, scheduleFrames start (fidx 108) (t+5152 ms)
lsfg-vk-app: [dbg] present: scheduleFrames done (fidx 108) (t+5152 ms)
lsfg-vk-app: [dbg] present: doneFd[0] 14 signaled within 500ms: yes (fidx 108) (t+5154 ms)
lsfg-vk-app: [dbg] present: acquire gen 0/1 (fidx 108) (t+5154 ms)
lsfg-vk-app: [dbg] present: acquire real (fidx 108) (t+5154 ms)
lsfg-vk-app: [dbg] present: captureFd 14 signaled within 500ms: yes (fidx 109) (t+5171 ms)
lsfg-vk-app: [dbg] present: FRAME received, scheduleFrames start (fidx 109) (t+5171 ms)
lsfg-vk-app: [dbg] present: scheduleFrames done (fidx 109) (t+5171 ms)
lsfg-vk-app: [dbg] present: doneFd[0] 14 signaled within 500ms: yes (fidx 109) (t+5175 ms)
lsfg-vk-app: [dbg] present: acquire gen 0/1 (fidx 109) (t+5175 ms)
lsfg-vk-app: [dbg] present: acquire real (fidx 109) (t+5175 ms)
lsfg-vk-app: [dbg] present: captureFd 14 signaled within 500ms: yes (fidx 110) (t+5192 ms)
lsfg-vk-app: [dbg] present: FRAME received, scheduleFrames start (fidx 110) (t+5192 ms)
lsfg-vk-app: [dbg] present: scheduleFrames done (fidx 110) (t+5192 ms)
lsfg-vk-app: [dbg] present: doneFd[0] 14 signaled within 500ms: yes (fidx 110) (t+5195 ms)
lsfg-vk-app: [dbg] present: acquire gen 0/1 (fidx 110) (t+5195 ms)
lsfg-vk-app: [dbg] present: acquire real (fidx 110) (t+5195 ms)
lsfg-vk-app: [dbg] present: captureFd 14 signaled within 500ms: yes (fidx 111) (t+5212 ms)
lsfg-vk-app: [dbg] present: FRAME received, scheduleFrames start (fidx 111) (t+5212 ms)
lsfg-vk-app: [dbg] present: scheduleFrames done (fidx 111) (t+5212 ms)
lsfg-vk-app: [dbg] present: doneFd[0] 14 signaled within 500ms: yes (fidx 111) (t+5215 ms)
lsfg-vk-app: [dbg] present: acquire gen 0/1 (fidx 111) (t+5215 ms)
lsfg-vk-app: [dbg] present: acquire real (fidx 111) (t+5215 ms)
lsfg-vk-app: [dbg] present: captureFd 14 signaled within 500ms: yes (fidx 112) (t+5232 ms)
lsfg-vk-app: [dbg] present: FRAME received, scheduleFrames start (fidx 112) (t+5232 ms)
lsfg-vk-app: [dbg] present: scheduleFrames done (fidx 112) (t+5232 ms)
lsfg-vk-app: [dbg] present: doneFd[0] 14 signaled within 500ms: yes (fidx 112) (t+5235 ms)
lsfg-vk-app: [dbg] present: acquire gen 0/1 (fidx 112) (t+5235 ms)
lsfg-vk-app: [dbg] present: acquire real (fidx 112) (t+5235 ms)
lsfg-vk-app: [dbg] present: captureFd 14 signaled within 500ms: yes (fidx 113) (t+5252 ms)
lsfg-vk-app: [dbg] present: FRAME received, scheduleFrames start (fidx 113) (t+5252 ms)
lsfg-vk-app: [dbg] present: scheduleFrames done (fidx 113) (t+5252 ms)
lsfg-vk-app: [dbg] present: doneFd[0] 14 signaled within 500ms: yes (fidx 113) (t+5255 ms)
lsfg-vk-app: [dbg] present: acquire gen 0/1 (fidx 113) (t+5255 ms)
lsfg-vk-app: [dbg] present: acquire real (fidx 113) (t+5255 ms)
lsfg-vk-app: [dbg] present: captureFd 14 signaled within 500ms: yes (fidx 114) (t+5272 ms)
lsfg-vk-app: [dbg] present: FRAME received, scheduleFrames start (fidx 114) (t+5272 ms)
lsfg-vk-app: [dbg] present: scheduleFrames done (fidx 114) (t+5272 ms)
lsfg-vk-app: [dbg] present: doneFd[0] 14 signaled within 500ms: yes (fidx 114) (t+5274 ms)
lsfg-vk-app: [dbg] present: acquire gen 0/1 (fidx 114) (t+5274 ms)
lsfg-vk-app: [dbg] present: acquire real (fidx 114) (t+5274 ms)
lsfg-vk-app: [dbg] present: captureFd 14 signaled within 500ms: yes (fidx 115) (t+5291 ms)
lsfg-vk-app: [dbg] present: FRAME received, scheduleFrames start (fidx 115) (t+5292 ms)
lsfg-vk-app: [dbg] present: scheduleFrames done (fidx 115) (t+5292 ms)
lsfg-vk-app: [dbg] present: doneFd[0] 14 signaled within 500ms: yes (fidx 115) (t+5294 ms)
lsfg-vk-app: [dbg] present: acquire gen 0/1 (fidx 115) (t+5294 ms)
lsfg-vk-app: [dbg] present: acquire real (fidx 115) (t+5295 ms)
lsfg-vk-app: [dbg] present: captureFd 14 signaled within 500ms: yes (fidx 116) (t+5311 ms)
lsfg-vk-app: [dbg] present: FRAME received, scheduleFrames start (fidx 116) (t+5311 ms)
lsfg-vk-app: [dbg] present: scheduleFrames done (fidx 116) (t+5312 ms)
lsfg-vk-app: [dbg] present: doneFd[0] 14 signaled within 500ms: yes (fidx 116) (t+5314 ms)
lsfg-vk-app: [dbg] present: acquire gen 0/1 (fidx 116) (t+5314 ms)
lsfg-vk-app: [dbg] present: acquire real (fidx 116) (t+5314 ms)
lsfg-vk-app: [dbg] present: captureFd 14 signaled within 500ms: yes (fidx 117) (t+5331 ms)
lsfg-vk-app: [dbg] present: FRAME received, scheduleFrames start (fidx 117) (t+5331 ms)
lsfg-vk-app: [dbg] present: scheduleFrames done (fidx 117) (t+5332 ms)
lsfg-vk-app: [dbg] present: doneFd[0] 14 signaled within 500ms: yes (fidx 117) (t+5334 ms)
lsfg-vk-app: [dbg] present: acquire gen 0/1 (fidx 117) (t+5334 ms)
lsfg-vk-app: [dbg] present: acquire real (fidx 117) (t+5334 ms)
lsfg-vk-app: [dbg] present: captureFd 14 signaled within 500ms: yes (fidx 118) (t+5351 ms)
lsfg-vk-app: [dbg] present: FRAME received, scheduleFrames start (fidx 118) (t+5351 ms)
lsfg-vk-app: [dbg] present: scheduleFrames done (fidx 118) (t+5351 ms)
lsfg-vk-app: [dbg] present: doneFd[0] 14 signaled within 500ms: yes (fidx 118) (t+5354 ms)
lsfg-vk-app: [dbg] present: acquire gen 0/1 (fidx 118) (t+5354 ms)
lsfg-vk-app: [dbg] present: acquire real (fidx 118) (t+5354 ms)
lsfg-vk-app: [dbg] present: captureFd 14 signaled within 500ms: yes (fidx 119) (t+5371 ms)
lsfg-vk-app: [dbg] present: FRAME received, scheduleFrames start (fidx 119) (t+5371 ms)
lsfg-vk-app: [dbg] present: scheduleFrames done (fidx 119) (t+5371 ms)
lsfg-vk-app: [dbg] present: doneFd[0] 14 signaled within 500ms: yes (fidx 119) (t+5374 ms)
lsfg-vk-app: [dbg] present: acquire gen 0/1 (fidx 119) (t+5374 ms)
lsfg-vk-app: [dbg] present: acquire real (fidx 119) (t+5374 ms)
lsfg-vk-app: [dbg] present: captureFd 14 signaled within 500ms: yes (fidx 120) (t+5391 ms)
lsfg-vk-app: [dbg] present: FRAME received, scheduleFrames start (fidx 120) (t+5391 ms)
lsfg-vk-app: [dbg] present: scheduleFrames done (fidx 120) (t+5391 ms)
lsfg-vk-app: [dbg] present: doneFd[0] 14 signaled within 500ms: yes (fidx 120) (t+5394 ms)
lsfg-vk-app: [dbg] present: acquire gen 0/1 (fidx 120) (t+5394 ms)
lsfg-vk-app: [dbg] present: acquire real (fidx 120) (t+5394 ms)
lsfg-vk-app: [dbg] present: captureFd 14 signaled within 500ms: yes (fidx 121) (t+5411 ms)
lsfg-vk-app: [dbg] present: FRAME received, scheduleFrames start (fidx 121) (t+5411 ms)
lsfg-vk-app: [dbg] present: scheduleFrames done (fidx 121) (t+5411 ms)
lsfg-vk-app: [dbg] present: doneFd[0] 14 signaled within 500ms: yes (fidx 121) (t+5414 ms)
lsfg-vk-app: [dbg] present: acquire gen 0/1 (fidx 121) (t+5414 ms)
lsfg-vk-app: [dbg] present: acquire real (fidx 121) (t+5414 ms)
lsfg-vk-app: [dbg] present: captureFd 14 signaled within 500ms: yes (fidx 122) (t+5431 ms)
lsfg-vk-app: [dbg] present: FRAME received, scheduleFrames start (fidx 122) (t+5431 ms)
lsfg-vk-app: [dbg] present: scheduleFrames done (fidx 122) (t+5432 ms)
lsfg-vk-app: [dbg] present: doneFd[0] 14 signaled within 500ms: yes (fidx 122) (t+5435 ms)
lsfg-vk-app: [dbg] present: acquire gen 0/1 (fidx 122) (t+5435 ms)
lsfg-vk-app: [dbg] present: acquire real (fidx 122) (t+5435 ms)
lsfg-vk-app: [dbg] present: captureFd 14 signaled within 500ms: yes (fidx 123) (t+5452 ms)
lsfg-vk-app: [dbg] present: FRAME received, scheduleFrames start (fidx 123) (t+5452 ms)
lsfg-vk-app: [dbg] present: scheduleFrames done (fidx 123) (t+5452 ms)
lsfg-vk-app: [dbg] present: doneFd[0] 14 signaled within 500ms: yes (fidx 123) (t+5455 ms)
lsfg-vk-app: [dbg] present: acquire gen 0/1 (fidx 123) (t+5455 ms)
lsfg-vk-app: [dbg] present: acquire real (fidx 123) (t+5455 ms)
lsfg-vk-app: [dbg] present: captureFd 14 signaled within 500ms: yes (fidx 124) (t+5472 ms)
lsfg-vk-app: [dbg] present: FRAME received, scheduleFrames start (fidx 124) (t+5472 ms)
lsfg-vk-app: [dbg] present: scheduleFrames done (fidx 124) (t+5472 ms)
lsfg-vk-app: [dbg] present: doneFd[0] 14 signaled within 500ms: yes (fidx 124) (t+5474 ms)
lsfg-vk-app: [dbg] present: acquire gen 0/1 (fidx 124) (t+5474 ms)
lsfg-vk-app: [dbg] present: acquire real (fidx 124) (t+5474 ms)
lsfg-vk-app: [dbg] present: captureFd 14 signaled within 500ms: yes (fidx 125) (t+5491 ms)
lsfg-vk-app: [dbg] present: FRAME received, scheduleFrames start (fidx 125) (t+5491 ms)
lsfg-vk-app: [dbg] present: scheduleFrames done (fidx 125) (t+5491 ms)
lsfg-vk-app: [dbg] present: doneFd[0] 14 signaled within 500ms: yes (fidx 125) (t+5494 ms)
lsfg-vk-app: [dbg] present: acquire gen 0/1 (fidx 125) (t+5494 ms)
lsfg-vk-app: [dbg] present: acquire real (fidx 125) (t+5494 ms)
lsfg-vk-app: [dbg] present: captureFd 14 signaled within 500ms: yes (fidx 126) (t+5511 ms)
lsfg-vk-app: [dbg] present: FRAME received, scheduleFrames start (fidx 126) (t+5511 ms)
lsfg-vk-app: [dbg] present: scheduleFrames done (fidx 126) (t+5511 ms)
lsfg-vk-app: [dbg] present: doneFd[0] 14 signaled within 500ms: yes (fidx 126) (t+5513 ms)
lsfg-vk-app: [dbg] present: acquire gen 0/1 (fidx 126) (t+5513 ms)
lsfg-vk-app: [dbg] present: acquire real (fidx 126) (t+5513 ms)
lsfg-vk-app: [dbg] present: captureFd 14 signaled within 500ms: yes (fidx 127) (t+5531 ms)
lsfg-vk-app: [dbg] present: FRAME received, scheduleFrames start (fidx 127) (t+5531 ms)
lsfg-vk-app: [dbg] present: scheduleFrames done (fidx 127) (t+5531 ms)
lsfg-vk-app: [dbg] present: doneFd[0] 14 signaled within 500ms: yes (fidx 127) (t+5534 ms)
lsfg-vk-app: [dbg] present: acquire gen 0/1 (fidx 127) (t+5534 ms)
lsfg-vk-app: [dbg] present: acquire real (fidx 127) (t+5534 ms)
lsfg-vk-app: [dbg] present: captureFd 14 signaled within 500ms: yes (fidx 128) (t+5551 ms)
lsfg-vk-app: [dbg] present: FRAME received, scheduleFrames start (fidx 128) (t+5551 ms)
lsfg-vk-app: [dbg] present: scheduleFrames done (fidx 128) (t+5551 ms)
lsfg-vk-app: [dbg] present: doneFd[0] 14 signaled within 500ms: yes (fidx 128) (t+5553 ms)
lsfg-vk-app: [dbg] present: acquire gen 0/1 (fidx 128) (t+5553 ms)
lsfg-vk-app: [dbg] present: acquire real (fidx 128) (t+5553 ms)
lsfg-vk-app: [dbg] present: captureFd 14 signaled within 500ms: yes (fidx 129) (t+5570 ms)
lsfg-vk-app: [dbg] present: FRAME received, scheduleFrames start (fidx 129) (t+5570 ms)
lsfg-vk-app: [dbg] present: scheduleFrames done (fidx 129) (t+5570 ms)
lsfg-vk-app: [dbg] present: doneFd[0] 14 signaled within 500ms: yes (fidx 129) (t+5573 ms)
lsfg-vk-app: [dbg] present: acquire gen 0/1 (fidx 129) (t+5573 ms)
lsfg-vk-app: [dbg] present: acquire real (fidx 129) (t+5573 ms)
lsfg-vk-app: [dbg] present: captureFd 14 signaled within 500ms: yes (fidx 130) (t+5590 ms)
lsfg-vk-app: [dbg] present: FRAME received, scheduleFrames start (fidx 130) (t+5590 ms)
lsfg-vk-app: [dbg] present: scheduleFrames done (fidx 130) (t+5590 ms)
lsfg-vk-app: [dbg] present: doneFd[0] 14 signaled within 500ms: yes (fidx 130) (t+5593 ms)
lsfg-vk-app: [dbg] present: acquire gen 0/1 (fidx 130) (t+5593 ms)
lsfg-vk-app: [dbg] present: acquire real (fidx 130) (t+5593 ms)
lsfg-vk-app: [dbg] present: captureFd 14 signaled within 500ms: yes (fidx 131) (t+5610 ms)
lsfg-vk-app: [dbg] present: FRAME received, scheduleFrames start (fidx 131) (t+5610 ms)
lsfg-vk-app: [dbg] present: scheduleFrames done (fidx 131) (t+5610 ms)
lsfg-vk-app: [dbg] present: doneFd[0] 14 signaled within 500ms: yes (fidx 131) (t+5613 ms)
lsfg-vk-app: [dbg] present: acquire gen 0/1 (fidx 131) (t+5613 ms)
lsfg-vk-app: [dbg] present: acquire real (fidx 131) (t+5613 ms)
lsfg-vk-app: [dbg] present: captureFd 14 signaled within 500ms: yes (fidx 132) (t+5630 ms)
lsfg-vk-app: [dbg] present: FRAME received, scheduleFrames start (fidx 132) (t+5630 ms)
lsfg-vk-app: [dbg] present: scheduleFrames done (fidx 132) (t+5630 ms)
lsfg-vk-app: [dbg] present: doneFd[0] 14 signaled within 500ms: yes (fidx 132) (t+5633 ms)
lsfg-vk-app: [dbg] present: acquire gen 0/1 (fidx 132) (t+5633 ms)
lsfg-vk-app: [dbg] present: acquire real (fidx 132) (t+5633 ms)
lsfg-vk-app: [dbg] present: captureFd 14 signaled within 500ms: yes (fidx 133) (t+5650 ms)
lsfg-vk-app: [dbg] present: FRAME received, scheduleFrames start (fidx 133) (t+5650 ms)
lsfg-vk-app: [dbg] present: scheduleFrames done (fidx 133) (t+5651 ms)
lsfg-vk-app: [dbg] present: doneFd[0] 14 signaled within 500ms: yes (fidx 133) (t+5653 ms)
lsfg-vk-app: [dbg] present: acquire gen 0/1 (fidx 133) (t+5653 ms)
lsfg-vk-app: [dbg] present: acquire real (fidx 133) (t+5653 ms)
lsfg-vk-app: [dbg] present: captureFd 14 signaled within 500ms: yes (fidx 134) (t+5670 ms)
lsfg-vk-app: [dbg] present: FRAME received, scheduleFrames start (fidx 134) (t+5670 ms)
lsfg-vk-app: [dbg] present: scheduleFrames done (fidx 134) (t+5671 ms)
lsfg-vk-app: [dbg] present: doneFd[0] 14 signaled within 500ms: yes (fidx 134) (t+5673 ms)
lsfg-vk-app: [dbg] present: acquire gen 0/1 (fidx 134) (t+5673 ms)
lsfg-vk-app: [dbg] present: acquire real (fidx 134) (t+5673 ms)
lsfg-vk-app: [dbg] present: captureFd 14 signaled within 500ms: yes (fidx 135) (t+5691 ms)
lsfg-vk-app: [dbg] present: FRAME received, scheduleFrames start (fidx 135) (t+5691 ms)
lsfg-vk-app: [dbg] present: scheduleFrames done (fidx 135) (t+5692 ms)
lsfg-vk-app: [dbg] present: doneFd[0] 14 signaled within 500ms: yes (fidx 135) (t+5694 ms)
lsfg-vk-app: [dbg] present: acquire gen 0/1 (fidx 135) (t+5694 ms)
lsfg-vk-app: [dbg] present: acquire real (fidx 135) (t+5694 ms)
lsfg-vk-app: [dbg] present: captureFd 14 signaled within 500ms: yes (fidx 136) (t+5711 ms)
lsfg-vk-app: [dbg] present: FRAME received, scheduleFrames start (fidx 136) (t+5711 ms)
lsfg-vk-app: [dbg] present: scheduleFrames done (fidx 136) (t+5711 ms)
lsfg-vk-app: [dbg] present: doneFd[0] 14 signaled within 500ms: yes (fidx 136) (t+5714 ms)
lsfg-vk-app: [dbg] present: acquire gen 0/1 (fidx 136) (t+5714 ms)
lsfg-vk-app: [dbg] present: acquire real (fidx 136) (t+5714 ms)
lsfg-vk-app: [dbg] present: captureFd 14 signaled within 500ms: yes (fidx 137) (t+5731 ms)
lsfg-vk-app: [dbg] present: FRAME received, scheduleFrames start (fidx 137) (t+5731 ms)
lsfg-vk-app: [dbg] present: scheduleFrames done (fidx 137) (t+5731 ms)
lsfg-vk-app: [dbg] present: doneFd[0] 14 signaled within 500ms: yes (fidx 137) (t+5734 ms)
lsfg-vk-app: [dbg] present: acquire gen 0/1 (fidx 137) (t+5734 ms)
lsfg-vk-app: [dbg] present: acquire real (fidx 137) (t+5734 ms)
lsfg-vk-app: [dbg] present: captureFd 14 signaled within 500ms: yes (fidx 138) (t+5751 ms)
lsfg-vk-app: [dbg] present: FRAME received, scheduleFrames start (fidx 138) (t+5751 ms)
lsfg-vk-app: [dbg] present: scheduleFrames done (fidx 138) (t+5751 ms)
lsfg-vk-app: [dbg] present: doneFd[0] 14 signaled within 500ms: yes (fidx 138) (t+5754 ms)
lsfg-vk-app: [dbg] present: acquire gen 0/1 (fidx 138) (t+5754 ms)
lsfg-vk-app: [dbg] present: acquire real (fidx 138) (t+5755 ms)
lsfg-vk-app: [dbg] present: captureFd 14 signaled within 500ms: yes (fidx 139) (t+5771 ms)
lsfg-vk-app: [dbg] present: FRAME received, scheduleFrames start (fidx 139) (t+5771 ms)
lsfg-vk-app: [dbg] present: scheduleFrames done (fidx 139) (t+5771 ms)
lsfg-vk-app: [dbg] present: doneFd[0] 14 signaled within 500ms: yes (fidx 139) (t+5774 ms)
lsfg-vk-app: [dbg] present: acquire gen 0/1 (fidx 139) (t+5774 ms)
lsfg-vk-app: [dbg] present: acquire real (fidx 139) (t+5774 ms)
lsfg-vk-app: [dbg] present: captureFd 14 signaled within 500ms: yes (fidx 140) (t+5791 ms)
lsfg-vk-app: [dbg] present: FRAME received, scheduleFrames start (fidx 140) (t+5791 ms)
lsfg-vk-app: [dbg] present: scheduleFrames done (fidx 140) (t+5791 ms)
lsfg-vk-app: [dbg] present: doneFd[0] 14 signaled within 500ms: yes (fidx 140) (t+5794 ms)
lsfg-vk-app: [dbg] present: acquire gen 0/1 (fidx 140) (t+5794 ms)
lsfg-vk-app: [dbg] present: acquire real (fidx 140) (t+5794 ms)
lsfg-vk-app: [dbg] present: captureFd 14 signaled within 500ms: yes (fidx 141) (t+5811 ms)
lsfg-vk-app: [dbg] present: FRAME received, scheduleFrames start (fidx 141) (t+5811 ms)
lsfg-vk-app: [dbg] present: scheduleFrames done (fidx 141) (t+5812 ms)
lsfg-vk-app: [dbg] present: doneFd[0] 14 signaled within 500ms: yes (fidx 141) (t+5814 ms)
lsfg-vk-app: [dbg] present: acquire gen 0/1 (fidx 141) (t+5814 ms)
lsfg-vk-app: [dbg] present: acquire real (fidx 141) (t+5814 ms)
lsfg-vk-app: [dbg] present: captureFd 14 signaled within 500ms: yes (fidx 142) (t+5831 ms)
lsfg-vk-app: [dbg] present: FRAME received, scheduleFrames start (fidx 142) (t+5831 ms)
lsfg-vk-app: [dbg] present: scheduleFrames done (fidx 142) (t+5832 ms)
lsfg-vk-app: [dbg] present: doneFd[0] 14 signaled within 500ms: yes (fidx 142) (t+5834 ms)
lsfg-vk-app: [dbg] present: acquire gen 0/1 (fidx 142) (t+5834 ms)
lsfg-vk-app: [dbg] present: acquire real (fidx 142) (t+5835 ms)
lsfg-vk-app: [dbg] present: captureFd 14 signaled within 500ms: yes (fidx 143) (t+5852 ms)
lsfg-vk-app: [dbg] present: FRAME received, scheduleFrames start (fidx 143) (t+5852 ms)
lsfg-vk-app: [dbg] present: scheduleFrames done (fidx 143) (t+5852 ms)
lsfg-vk-app: [dbg] present: doneFd[0] 14 signaled within 500ms: yes (fidx 143) (t+5854 ms)
lsfg-vk-app: [dbg] present: acquire gen 0/1 (fidx 143) (t+5854 ms)
lsfg-vk-app: [dbg] present: acquire real (fidx 143) (t+5855 ms)
lsfg-vk-app: [dbg] present: captureFd 14 signaled within 500ms: yes (fidx 144) (t+5872 ms)
lsfg-vk-app: [dbg] present: FRAME received, scheduleFrames start (fidx 144) (t+5872 ms)
lsfg-vk-app: [dbg] present: scheduleFrames done (fidx 144) (t+5872 ms)
lsfg-vk-app: [dbg] present: doneFd[0] 14 signaled within 500ms: yes (fidx 144) (t+5875 ms)
lsfg-vk-app: [dbg] present: acquire gen 0/1 (fidx 144) (t+5875 ms)
lsfg-vk-app: [dbg] present: acquire real (fidx 144) (t+5875 ms)
lsfg-vk-app: [dbg] present: captureFd 14 signaled within 500ms: yes (fidx 145) (t+5892 ms)
lsfg-vk-app: [dbg] present: FRAME received, scheduleFrames start (fidx 145) (t+5892 ms)
lsfg-vk-app: [dbg] present: scheduleFrames done (fidx 145) (t+5892 ms)
lsfg-vk-app: [dbg] present: doneFd[0] 14 signaled within 500ms: yes (fidx 145) (t+5895 ms)
lsfg-vk-app: [dbg] present: acquire gen 0/1 (fidx 145) (t+5895 ms)
lsfg-vk-app: [dbg] present: acquire real (fidx 145) (t+5895 ms)
lsfg-vk-app: [dbg] present: captureFd 14 signaled within 500ms: yes (fidx 146) (t+5912 ms)
lsfg-vk-app: [dbg] present: FRAME received, scheduleFrames start (fidx 146) (t+5912 ms)
lsfg-vk-app: [dbg] present: scheduleFrames done (fidx 146) (t+5913 ms)
lsfg-vk-app: [dbg] present: doneFd[0] 14 signaled within 500ms: yes (fidx 146) (t+5916 ms)
lsfg-vk-app: [dbg] present: acquire gen 0/1 (fidx 146) (t+5916 ms)
lsfg-vk-app: [dbg] present: acquire real (fidx 146) (t+5916 ms)
lsfg-vk-app: [dbg] present: captureFd 14 signaled within 500ms: yes (fidx 147) (t+5933 ms)
lsfg-vk-app: [dbg] present: FRAME received, scheduleFrames start (fidx 147) (t+5933 ms)
lsfg-vk-app: [dbg] present: scheduleFrames done (fidx 147) (t+5933 ms)
lsfg-vk-app: [dbg] present: doneFd[0] 14 signaled within 500ms: yes (fidx 147) (t+5936 ms)
lsfg-vk-app: [dbg] present: acquire gen 0/1 (fidx 147) (t+5936 ms)
lsfg-vk-app: [dbg] present: acquire real (fidx 147) (t+5936 ms)
lsfg-vk-app: [dbg] present: captureFd 14 signaled within 500ms: yes (fidx 148) (t+5953 ms)
lsfg-vk-app: [dbg] present: FRAME received, scheduleFrames start (fidx 148) (t+5953 ms)
lsfg-vk-app: [dbg] present: scheduleFrames done (fidx 148) (t+5953 ms)
lsfg-vk-app: [dbg] present: doneFd[0] 14 signaled within 500ms: yes (fidx 148) (t+5956 ms)
lsfg-vk-app: [dbg] present: acquire gen 0/1 (fidx 148) (t+5956 ms)
lsfg-vk-app: [dbg] present: acquire real (fidx 148) (t+5956 ms)
lsfg-vk-app: [dbg] present: captureFd 14 signaled within 500ms: yes (fidx 149) (t+5973 ms)
lsfg-vk-app: [dbg] present: FRAME received, scheduleFrames start (fidx 149) (t+5973 ms)
lsfg-vk-app: [dbg] present: scheduleFrames done (fidx 149) (t+5974 ms)
lsfg-vk-app: [dbg] present: doneFd[0] 14 signaled within 500ms: yes (fidx 149) (t+5977 ms)
lsfg-vk-app: [dbg] present: acquire gen 0/1 (fidx 149) (t+5977 ms)
lsfg-vk-app: [dbg] present: acquire real (fidx 149) (t+5977 ms)
lsfg-vk-app: [dbg] present: captureFd 14 signaled within 500ms: yes (fidx 150) (t+5994 ms)
lsfg-vk-app: [dbg] present: FRAME received, scheduleFrames start (fidx 150) (t+5994 ms)
lsfg-vk-app: [dbg] present: scheduleFrames done (fidx 150) (t+5995 ms)
lsfg-vk-app: [dbg] present: doneFd[0] 14 signaled within 500ms: yes (fidx 150) (t+5997 ms)
lsfg-vk-app: [dbg] present: acquire gen 0/1 (fidx 150) (t+5997 ms)
lsfg-vk-app: [dbg] present: acquire real (fidx 150) (t+5997 ms)
lsfg-vk-app: [dbg] present: captureFd 14 signaled within 500ms: yes (fidx 151) (t+6014 ms)
lsfg-vk-app: [dbg] present: FRAME received, scheduleFrames start (fidx 151) (t+6014 ms)
lsfg-vk-app: [dbg] present: scheduleFrames done (fidx 151) (t+6014 ms)
lsfg-vk-app: [dbg] present: doneFd[0] 14 signaled within 500ms: yes (fidx 151) (t+6017 ms)
lsfg-vk-app: [dbg] present: acquire gen 0/1 (fidx 151) (t+6017 ms)
lsfg-vk-app: [dbg] present: acquire real (fidx 151) (t+6017 ms)
lsfg-vk-app: [dbg] present: captureFd 14 signaled within 500ms: yes (fidx 152) (t+6034 ms)
lsfg-vk-app: [dbg] present: FRAME received, scheduleFrames start (fidx 152) (t+6034 ms)
lsfg-vk-app: [dbg] present: scheduleFrames done (fidx 152) (t+6034 ms)
lsfg-vk-app: [dbg] present: doneFd[0] 14 signaled within 500ms: yes (fidx 152) (t+6037 ms)
lsfg-vk-app: [dbg] present: acquire gen 0/1 (fidx 152) (t+6037 ms)
lsfg-vk-app: [dbg] present: acquire real (fidx 152) (t+6037 ms)
lsfg-vk-app: [dbg] present: captureFd 14 signaled within 500ms: yes (fidx 153) (t+6054 ms)
lsfg-vk-app: [dbg] present: FRAME received, scheduleFrames start (fidx 153) (t+6054 ms)
lsfg-vk-app: [dbg] present: scheduleFrames done (fidx 153) (t+6054 ms)
lsfg-vk-app: [dbg] present: doneFd[0] 14 signaled within 500ms: yes (fidx 153) (t+6056 ms)
lsfg-vk-app: [dbg] present: acquire gen 0/1 (fidx 153) (t+6056 ms)
lsfg-vk-app: [dbg] present: acquire real (fidx 153) (t+6056 ms)
lsfg-vk-app: [dbg] present: captureFd 14 signaled within 500ms: yes (fidx 154) (t+6073 ms)
lsfg-vk-app: [dbg] present: FRAME received, scheduleFrames start (fidx 154) (t+6073 ms)
lsfg-vk-app: [dbg] present: scheduleFrames done (fidx 154) (t+6074 ms)
lsfg-vk-app: [dbg] present: doneFd[0] 14 signaled within 500ms: yes (fidx 154) (t+6076 ms)
lsfg-vk-app: [dbg] present: acquire gen 0/1 (fidx 154) (t+6076 ms)
lsfg-vk-app: [dbg] present: acquire real (fidx 154) (t+6076 ms)
lsfg-vk-app: [dbg] present: captureFd 14 signaled within 500ms: yes (fidx 155) (t+6093 ms)
lsfg-vk-app: [dbg] present: FRAME received, scheduleFrames start (fidx 155) (t+6093 ms)
lsfg-vk-app: [dbg] present: scheduleFrames done (fidx 155) (t+6094 ms)
lsfg-vk-app: [dbg] present: doneFd[0] 14 signaled within 500ms: yes (fidx 155) (t+6096 ms)
lsfg-vk-app: [dbg] present: acquire gen 0/1 (fidx 155) (t+6096 ms)
lsfg-vk-app: [dbg] present: acquire real (fidx 155) (t+6096 ms)
lsfg-vk-app: [dbg] present: captureFd 14 signaled within 500ms: yes (fidx 156) (t+6113 ms)
lsfg-vk-app: [dbg] present: FRAME received, scheduleFrames start (fidx 156) (t+6113 ms)
lsfg-vk-app: [dbg] present: scheduleFrames done (fidx 156) (t+6114 ms)
lsfg-vk-app: [dbg] present: doneFd[0] 14 signaled within 500ms: yes (fidx 156) (t+6116 ms)
lsfg-vk-app: [dbg] present: acquire gen 0/1 (fidx 156) (t+6116 ms)
lsfg-vk-app: [dbg] present: acquire real (fidx 156) (t+6116 ms)
lsfg-vk-app: [dbg] present: captureFd 14 signaled within 500ms: yes (fidx 157) (t+6133 ms)
lsfg-vk-app: [dbg] present: FRAME received, scheduleFrames start (fidx 157) (t+6133 ms)
lsfg-vk-app: [dbg] present: scheduleFrames done (fidx 157) (t+6134 ms)
lsfg-vk-app: [dbg] present: doneFd[0] 14 signaled within 500ms: yes (fidx 157) (t+6136 ms)
lsfg-vk-app: [dbg] present: acquire gen 0/1 (fidx 157) (t+6136 ms)
lsfg-vk-app: [dbg] present: acquire real (fidx 157) (t+6137 ms)
lsfg-vk-app: [dbg] present: captureFd 14 signaled within 500ms: yes (fidx 158) (t+6153 ms)
lsfg-vk-app: [dbg] present: FRAME received, scheduleFrames start (fidx 158) (t+6153 ms)
lsfg-vk-app: [dbg] present: scheduleFrames done (fidx 158) (t+6153 ms)
lsfg-vk-app: [dbg] present: doneFd[0] 14 signaled within 500ms: yes (fidx 158) (t+6155 ms)
lsfg-vk-app: [dbg] present: acquire gen 0/1 (fidx 158) (t+6155 ms)
lsfg-vk-app: [dbg] present: acquire real (fidx 158) (t+6155 ms)
lsfg-vk-app: [dbg] present: captureFd 14 signaled within 500ms: yes (fidx 159) (t+6172 ms)
lsfg-vk-app: [dbg] present: FRAME received, scheduleFrames start (fidx 159) (t+6172 ms)
lsfg-vk-app: [dbg] present: scheduleFrames done (fidx 159) (t+6173 ms)
lsfg-vk-app: [dbg] present: doneFd[0] 14 signaled within 500ms: yes (fidx 159) (t+6175 ms)
lsfg-vk-app: [dbg] present: acquire gen 0/1 (fidx 159) (t+6175 ms)
lsfg-vk-app: [dbg] present: acquire real (fidx 159) (t+6175 ms)
lsfg-vk-app: [dbg] present: captureFd 14 signaled within 500ms: yes (fidx 160) (t+6192 ms)
lsfg-vk-app: [dbg] present: FRAME received, scheduleFrames start (fidx 160) (t+6192 ms)
lsfg-vk-app: [dbg] present: scheduleFrames done (fidx 160) (t+6192 ms)
lsfg-vk-app: [dbg] present: doneFd[0] 14 signaled within 500ms: yes (fidx 160) (t+6196 ms)
lsfg-vk-app: [dbg] present: acquire gen 0/1 (fidx 160) (t+6196 ms)
lsfg-vk-app: [dbg] present: acquire real (fidx 160) (t+6196 ms)
lsfg-vk-app: [dbg] present: captureFd 14 signaled within 500ms: yes (fidx 161) (t+6212 ms)
lsfg-vk-app: [dbg] present: FRAME received, scheduleFrames start (fidx 161) (t+6212 ms)
lsfg-vk-app: [dbg] present: scheduleFrames done (fidx 161) (t+6213 ms)
lsfg-vk-app: [dbg] present: doneFd[0] 14 signaled within 500ms: yes (fidx 161) (t+6215 ms)
lsfg-vk-app: [dbg] present: acquire gen 0/1 (fidx 161) (t+6215 ms)
lsfg-vk-app: [dbg] present: acquire real (fidx 161) (t+6215 ms)
lsfg-vk-app: [dbg] present: captureFd 14 signaled within 500ms: yes (fidx 162) (t+6232 ms)
lsfg-vk-app: [dbg] present: FRAME received, scheduleFrames start (fidx 162) (t+6232 ms)
lsfg-vk-app: [dbg] present: scheduleFrames done (fidx 162) (t+6232 ms)
lsfg-vk-app: [dbg] present: doneFd[0] 14 signaled within 500ms: yes (fidx 162) (t+6234 ms)
lsfg-vk-app: [dbg] present: acquire gen 0/1 (fidx 162) (t+6234 ms)
lsfg-vk-app: [dbg] present: acquire real (fidx 162) (t+6234 ms)
lsfg-vk-app: [dbg] present: captureFd 14 signaled within 500ms: yes (fidx 163) (t+6251 ms)
lsfg-vk-app: [dbg] present: FRAME received, scheduleFrames start (fidx 163) (t+6251 ms)
lsfg-vk-app: [dbg] present: scheduleFrames done (fidx 163) (t+6252 ms)
lsfg-vk-app: [dbg] present: doneFd[0] 14 signaled within 500ms: yes (fidx 163) (t+6255 ms)
lsfg-vk-app: [dbg] present: acquire gen 0/1 (fidx 163) (t+6255 ms)
lsfg-vk-app: [dbg] present: acquire real (fidx 163) (t+6255 ms)
lsfg-vk-app: [dbg] present: captureFd 14 signaled within 500ms: yes (fidx 164) (t+6272 ms)
lsfg-vk-app: [dbg] present: FRAME received, scheduleFrames start (fidx 164) (t+6272 ms)
lsfg-vk-app: [dbg] present: scheduleFrames done (fidx 164) (t+6272 ms)
lsfg-vk-app: [dbg] present: doneFd[0] 14 signaled within 500ms: yes (fidx 164) (t+6275 ms)
lsfg-vk-app: [dbg] present: acquire gen 0/1 (fidx 164) (t+6275 ms)
lsfg-vk-app: [dbg] present: acquire real (fidx 164) (t+6275 ms)
lsfg-vk-app: [dbg] present: captureFd 14 signaled within 500ms: yes (fidx 165) (t+6292 ms)
lsfg-vk-app: [dbg] present: FRAME received, scheduleFrames start (fidx 165) (t+6292 ms)
lsfg-vk-app: [dbg] present: scheduleFrames done (fidx 165) (t+6292 ms)
lsfg-vk-app: [dbg] present: doneFd[0] 14 signaled within 500ms: yes (fidx 165) (t+6295 ms)
lsfg-vk-app: [dbg] present: acquire gen 0/1 (fidx 165) (t+6295 ms)
lsfg-vk-app: [dbg] present: acquire real (fidx 165) (t+6295 ms)
lsfg-vk-app: [dbg] present: captureFd 14 signaled within 500ms: yes (fidx 166) (t+6312 ms)
lsfg-vk-app: [dbg] present: FRAME received, scheduleFrames start (fidx 166) (t+6312 ms)
lsfg-vk-app: [dbg] present: scheduleFrames done (fidx 166) (t+6313 ms)
lsfg-vk-app: [dbg] present: doneFd[0] 14 signaled within 500ms: yes (fidx 166) (t+6316 ms)
lsfg-vk-app: [dbg] present: acquire gen 0/1 (fidx 166) (t+6316 ms)
lsfg-vk-app: [dbg] present: acquire real (fidx 166) (t+6316 ms)
lsfg-vk-app: [dbg] present: captureFd 14 signaled within 500ms: yes (fidx 167) (t+6333 ms)
lsfg-vk-app: [dbg] present: FRAME received, scheduleFrames start (fidx 167) (t+6333 ms)
lsfg-vk-app: [dbg] present: scheduleFrames done (fidx 167) (t+6333 ms)
lsfg-vk-app: [dbg] present: doneFd[0] 14 signaled within 500ms: yes (fidx 167) (t+6336 ms)
lsfg-vk-app: [dbg] present: acquire gen 0/1 (fidx 167) (t+6336 ms)
lsfg-vk-app: [dbg] present: acquire real (fidx 167) (t+6336 ms)
lsfg-vk-app: [dbg] present: captureFd 14 signaled within 500ms: yes (fidx 168) (t+6353 ms)
lsfg-vk-app: [dbg] present: FRAME received, scheduleFrames start (fidx 168) (t+6353 ms)
lsfg-vk-app: [dbg] present: scheduleFrames done (fidx 168) (t+6354 ms)
lsfg-vk-app: [dbg] present: doneFd[0] 14 signaled within 500ms: yes (fidx 168) (t+6356 ms)
lsfg-vk-app: [dbg] present: acquire gen 0/1 (fidx 168) (t+6356 ms)
lsfg-vk-app: [dbg] present: acquire real (fidx 168) (t+6356 ms)
lsfg-vk-app: [dbg] present: captureFd 14 signaled within 500ms: yes (fidx 169) (t+6373 ms)
lsfg-vk-app: [dbg] present: FRAME received, scheduleFrames start (fidx 169) (t+6373 ms)
lsfg-vk-app: [dbg] present: scheduleFrames done (fidx 169) (t+6374 ms)
lsfg-vk-app: [dbg] present: doneFd[0] 14 signaled within 500ms: yes (fidx 169) (t+6377 ms)
lsfg-vk-app: [dbg] present: acquire gen 0/1 (fidx 169) (t+6377 ms)
lsfg-vk-app: [dbg] present: acquire real (fidx 169) (t+6377 ms)
lsfg-vk-app: [dbg] present: captureFd 14 signaled within 500ms: yes (fidx 170) (t+6394 ms)
lsfg-vk-app: [dbg] present: FRAME received, scheduleFrames start (fidx 170) (t+6394 ms)
lsfg-vk-app: [dbg] present: scheduleFrames done (fidx 170) (t+6394 ms)
lsfg-vk-app: [dbg] present: doneFd[0] 14 signaled within 500ms: yes (fidx 170) (t+6396 ms)
lsfg-vk-app: [dbg] present: acquire gen 0/1 (fidx 170) (t+6396 ms)
lsfg-vk-app: [dbg] present: acquire real (fidx 170) (t+6396 ms)
lsfg-vk-app: [dbg] present: captureFd 14 signaled within 500ms: yes (fidx 171) (t+6413 ms)
lsfg-vk-app: [dbg] present: FRAME received, scheduleFrames start (fidx 171) (t+6413 ms)
lsfg-vk-app: [dbg] present: scheduleFrames done (fidx 171) (t+6413 ms)
lsfg-vk-app: [dbg] present: doneFd[0] 14 signaled within 500ms: yes (fidx 171) (t+6416 ms)
lsfg-vk-app: [dbg] present: acquire gen 0/1 (fidx 171) (t+6416 ms)
lsfg-vk-app: [dbg] present: acquire real (fidx 171) (t+6416 ms)
lsfg-vk-app: [dbg] present: captureFd 14 signaled within 500ms: yes (fidx 172) (t+6433 ms)
lsfg-vk-app: [dbg] present: FRAME received, scheduleFrames start (fidx 172) (t+6433 ms)
lsfg-vk-app: [dbg] present: scheduleFrames done (fidx 172) (t+6434 ms)
lsfg-vk-app: [dbg] present: doneFd[0] 14 signaled within 500ms: yes (fidx 172) (t+6436 ms)
lsfg-vk-app: [dbg] present: acquire gen 0/1 (fidx 172) (t+6436 ms)
lsfg-vk-app: [dbg] present: acquire real (fidx 172) (t+6437 ms)
lsfg-vk-app: [dbg] present: captureFd 14 signaled within 500ms: yes (fidx 173) (t+6453 ms)
lsfg-vk-app: [dbg] present: FRAME received, scheduleFrames start (fidx 173) (t+6453 ms)
lsfg-vk-app: [dbg] present: scheduleFrames done (fidx 173) (t+6454 ms)
lsfg-vk-app: [dbg] present: doneFd[0] 14 signaled within 500ms: yes (fidx 173) (t+6456 ms)
lsfg-vk-app: [dbg] present: acquire gen 0/1 (fidx 173) (t+6456 ms)
lsfg-vk-app: [dbg] present: acquire real (fidx 173) (t+6457 ms)
lsfg-vk-app: [dbg] present: captureFd 14 signaled within 500ms: yes (fidx 174) (t+6474 ms)
lsfg-vk-app: [dbg] present: FRAME received, scheduleFrames start (fidx 174) (t+6474 ms)
lsfg-vk-app: [dbg] present: scheduleFrames done (fidx 174) (t+6474 ms)
lsfg-vk-app: [dbg] present: doneFd[0] 14 signaled within 500ms: yes (fidx 174) (t+6477 ms)
lsfg-vk-app: [dbg] present: acquire gen 0/1 (fidx 174) (t+6477 ms)
lsfg-vk-app: [dbg] present: acquire real (fidx 174) (t+6477 ms)
lsfg-vk-app: [dbg] present: captureFd 14 signaled within 500ms: yes (fidx 175) (t+6493 ms)
lsfg-vk-app: [dbg] present: FRAME received, scheduleFrames start (fidx 175) (t+6493 ms)
lsfg-vk-app: [dbg] present: scheduleFrames done (fidx 175) (t+6493 ms)
lsfg-vk-app: [dbg] present: doneFd[0] 14 signaled within 500ms: yes (fidx 175) (t+6496 ms)
lsfg-vk-app: [dbg] present: acquire gen 0/1 (fidx 175) (t+6496 ms)
lsfg-vk-app: [dbg] present: acquire real (fidx 175) (t+6496 ms)
lsfg-vk-app: [dbg] present: captureFd 14 signaled within 500ms: yes (fidx 176) (t+6513 ms)
lsfg-vk-app: [dbg] present: FRAME received, scheduleFrames start (fidx 176) (t+6513 ms)
lsfg-vk-app: [dbg] present: scheduleFrames done (fidx 176) (t+6513 ms)
lsfg-vk-app: [dbg] present: doneFd[0] 14 signaled within 500ms: yes (fidx 176) (t+6517 ms)
lsfg-vk-app: [dbg] present: acquire gen 0/1 (fidx 176) (t+6517 ms)
lsfg-vk-app: [dbg] present: acquire real (fidx 176) (t+6517 ms)
lsfg-vk-app: [dbg] present: captureFd 14 signaled within 500ms: yes (fidx 177) (t+6534 ms)
lsfg-vk-app: [dbg] present: FRAME received, scheduleFrames start (fidx 177) (t+6534 ms)
lsfg-vk-app: [dbg] present: scheduleFrames done (fidx 177) (t+6534 ms)
lsfg-vk-app: [dbg] present: doneFd[0] 14 signaled within 500ms: yes (fidx 177) (t+6538 ms)
lsfg-vk-app: [dbg] present: acquire gen 0/1 (fidx 177) (t+6538 ms)
lsfg-vk-app: [dbg] present: acquire real (fidx 177) (t+6538 ms)
lsfg-vk-app: [dbg] present: captureFd 14 signaled within 500ms: yes (fidx 178) (t+6555 ms)
lsfg-vk-app: [dbg] present: FRAME received, scheduleFrames start (fidx 178) (t+6555 ms)
lsfg-vk-app: [dbg] present: scheduleFrames done (fidx 178) (t+6555 ms)
lsfg-vk-app: [dbg] present: doneFd[0] 14 signaled within 500ms: yes (fidx 178) (t+6557 ms)
lsfg-vk-app: [dbg] present: acquire gen 0/1 (fidx 178) (t+6557 ms)
lsfg-vk-app: [dbg] present: acquire real (fidx 178) (t+6558 ms)
lsfg-vk-app: [dbg] present: captureFd 14 signaled within 500ms: yes (fidx 179) (t+6574 ms)
lsfg-vk-app: [dbg] present: FRAME received, scheduleFrames start (fidx 179) (t+6574 ms)
lsfg-vk-app: [dbg] present: scheduleFrames done (fidx 179) (t+6574 ms)
lsfg-vk-app: [dbg] present: doneFd[0] 14 signaled within 500ms: yes (fidx 179) (t+6577 ms)
lsfg-vk-app: [dbg] present: acquire gen 0/1 (fidx 179) (t+6577 ms)
lsfg-vk-app: [dbg] present: acquire real (fidx 179) (t+6577 ms)
lsfg-vk-app: [dbg] present: captureFd 14 signaled within 500ms: yes (fidx 180) (t+6594 ms)
lsfg-vk-app: [dbg] present: FRAME received, scheduleFrames start (fidx 180) (t+6594 ms)
lsfg-vk-app: [dbg] present: scheduleFrames done (fidx 180) (t+6594 ms)
lsfg-vk-app: [dbg] present: doneFd[0] 14 signaled within 500ms: yes (fidx 180) (t+6597 ms)
lsfg-vk-app: [dbg] present: acquire gen 0/1 (fidx 180) (t+6597 ms)
lsfg-vk-app: [dbg] present: acquire real (fidx 180) (t+6597 ms)
lsfg-vk-app: [dbg] present: captureFd 14 signaled within 500ms: yes (fidx 181) (t+6613 ms)
lsfg-vk-app: [dbg] present: FRAME received, scheduleFrames start (fidx 181) (t+6613 ms)
lsfg-vk-app: [dbg] present: scheduleFrames done (fidx 181) (t+6614 ms)
lsfg-vk-app: [dbg] present: doneFd[0] 14 signaled within 500ms: yes (fidx 181) (t+6616 ms)
lsfg-vk-app: [dbg] present: acquire gen 0/1 (fidx 181) (t+6616 ms)
lsfg-vk-app: [dbg] present: acquire real (fidx 181) (t+6616 ms)
lsfg-vk-app: [dbg] present: captureFd 14 signaled within 500ms: yes (fidx 182) (t+6633 ms)
lsfg-vk-app: [dbg] present: FRAME received, scheduleFrames start (fidx 182) (t+6633 ms)
lsfg-vk-app: [dbg] present: scheduleFrames done (fidx 182) (t+6633 ms)
lsfg-vk-app: [dbg] present: doneFd[0] 14 signaled within 500ms: yes (fidx 182) (t+6635 ms)
lsfg-vk-app: [dbg] present: acquire gen 0/1 (fidx 182) (t+6635 ms)
lsfg-vk-app: [dbg] present: acquire real (fidx 182) (t+6635 ms)
lsfg-vk-app: [dbg] present: captureFd 14 signaled within 500ms: yes (fidx 183) (t+6651 ms)
lsfg-vk-app: [dbg] present: FRAME received, scheduleFrames start (fidx 183) (t+6651 ms)
lsfg-vk-app: [dbg] present: scheduleFrames done (fidx 183) (t+6652 ms)
lsfg-vk-app: [dbg] present: doneFd[0] 14 signaled within 500ms: yes (fidx 183) (t+6654 ms)
lsfg-vk-app: [dbg] present: acquire gen 0/1 (fidx 183) (t+6654 ms)
lsfg-vk-app: [dbg] present: acquire real (fidx 183) (t+6654 ms)
lsfg-vk-app: [dbg] present: captureFd 14 signaled within 500ms: yes (fidx 184) (t+6671 ms)
lsfg-vk-app: [dbg] present: FRAME received, scheduleFrames start (fidx 184) (t+6671 ms)
lsfg-vk-app: [dbg] present: scheduleFrames done (fidx 184) (t+6671 ms)
lsfg-vk-app: [dbg] present: doneFd[0] 14 signaled within 500ms: yes (fidx 184) (t+6673 ms)
lsfg-vk-app: [dbg] present: acquire gen 0/1 (fidx 184) (t+6673 ms)
lsfg-vk-app: [dbg] present: acquire real (fidx 184) (t+6673 ms)
lsfg-vk-app: [dbg] present: captureFd 14 signaled within 500ms: yes (fidx 185) (t+6690 ms)
lsfg-vk-app: [dbg] present: FRAME received, scheduleFrames start (fidx 185) (t+6690 ms)
lsfg-vk-app: [dbg] present: scheduleFrames done (fidx 185) (t+6690 ms)
lsfg-vk-app: [dbg] present: doneFd[0] 14 signaled within 500ms: yes (fidx 185) (t+6694 ms)
lsfg-vk-app: [dbg] present: acquire gen 0/1 (fidx 185) (t+6694 ms)
lsfg-vk-app: [dbg] present: acquire real (fidx 185) (t+6694 ms)
lsfg-vk-app: [dbg] present: captureFd 14 signaled within 500ms: yes (fidx 186) (t+6710 ms)
lsfg-vk-app: [dbg] present: FRAME received, scheduleFrames start (fidx 186) (t+6710 ms)
lsfg-vk-app: [dbg] present: scheduleFrames done (fidx 186) (t+6710 ms)
lsfg-vk-app: [dbg] present: doneFd[0] 14 signaled within 500ms: yes (fidx 186) (t+6714 ms)
lsfg-vk-app: [dbg] present: acquire gen 0/1 (fidx 186) (t+6714 ms)
lsfg-vk-app: [dbg] present: acquire real (fidx 186) (t+6714 ms)
lsfg-vk-app: [dbg] present: captureFd 14 signaled within 500ms: yes (fidx 187) (t+6730 ms)
lsfg-vk-app: [dbg] present: FRAME received, scheduleFrames start (fidx 187) (t+6730 ms)
lsfg-vk-app: [dbg] present: scheduleFrames done (fidx 187) (t+6730 ms)
lsfg-vk-app: [dbg] present: doneFd[0] 14 signaled within 500ms: yes (fidx 187) (t+6733 ms)
lsfg-vk-app: [dbg] present: acquire gen 0/1 (fidx 187) (t+6733 ms)
lsfg-vk-app: [dbg] present: acquire real (fidx 187) (t+6733 ms)
lsfg-vk-app: [dbg] present: captureFd 14 signaled within 500ms: yes (fidx 188) (t+6749 ms)
lsfg-vk-app: [dbg] present: FRAME received, scheduleFrames start (fidx 188) (t+6749 ms)
lsfg-vk-app: [dbg] present: scheduleFrames done (fidx 188) (t+6750 ms)
lsfg-vk-app: [dbg] present: doneFd[0] 14 signaled within 500ms: yes (fidx 188) (t+6752 ms)
lsfg-vk-app: [dbg] present: acquire gen 0/1 (fidx 188) (t+6752 ms)
lsfg-vk-app: [dbg] present: acquire real (fidx 188) (t+6752 ms)
lsfg-vk-app: [dbg] present: captureFd 14 signaled within 500ms: yes (fidx 189) (t+6768 ms)
lsfg-vk-app: [dbg] present: FRAME received, scheduleFrames start (fidx 189) (t+6768 ms)
lsfg-vk-app: [dbg] present: scheduleFrames done (fidx 189) (t+6768 ms)
lsfg-vk-app: [dbg] present: doneFd[0] 14 signaled within 500ms: yes (fidx 189) (t+6771 ms)
lsfg-vk-app: [dbg] present: acquire gen 0/1 (fidx 189) (t+6771 ms)
lsfg-vk-app: [dbg] present: acquire real (fidx 189) (t+6771 ms)
lsfg-vk-app: [dbg] present: captureFd 14 signaled within 500ms: yes (fidx 190) (t+6787 ms)
lsfg-vk-app: [dbg] present: FRAME received, scheduleFrames start (fidx 190) (t+6787 ms)
lsfg-vk-app: [dbg] present: scheduleFrames done (fidx 190) (t+6788 ms)
lsfg-vk-app: [dbg] present: doneFd[0] 14 signaled within 500ms: yes (fidx 190) (t+6790 ms)
lsfg-vk-app: [dbg] present: acquire gen 0/1 (fidx 190) (t+6790 ms)
lsfg-vk-app: [dbg] present: acquire real (fidx 190) (t+6790 ms)
lsfg-vk-app: [dbg] present: captureFd 14 signaled within 500ms: yes (fidx 191) (t+6806 ms)
lsfg-vk-app: [dbg] present: FRAME received, scheduleFrames start (fidx 191) (t+6806 ms)
lsfg-vk-app: [dbg] present: scheduleFrames done (fidx 191) (t+6807 ms)
lsfg-vk-app: [dbg] present: doneFd[0] 14 signaled within 500ms: yes (fidx 191) (t+6809 ms)
lsfg-vk-app: [dbg] present: acquire gen 0/1 (fidx 191) (t+6809 ms)
lsfg-vk-app: [dbg] present: acquire real (fidx 191) (t+6809 ms)
lsfg-vk-app: [dbg] present: captureFd 14 signaled within 500ms: yes (fidx 192) (t+6826 ms)
lsfg-vk-app: [dbg] present: FRAME received, scheduleFrames start (fidx 192) (t+6826 ms)
lsfg-vk-app: [dbg] present: scheduleFrames done (fidx 192) (t+6826 ms)
lsfg-vk-app: [dbg] present: doneFd[0] 14 signaled within 500ms: yes (fidx 192) (t+6828 ms)
lsfg-vk-app: [dbg] present: acquire gen 0/1 (fidx 192) (t+6828 ms)
lsfg-vk-app: [dbg] present: acquire real (fidx 192) (t+6828 ms)
lsfg-vk-app: [dbg] present: captureFd 14 signaled within 500ms: yes (fidx 193) (t+6845 ms)
lsfg-vk-app: [dbg] present: FRAME received, scheduleFrames start (fidx 193) (t+6845 ms)
lsfg-vk-app: [dbg] present: scheduleFrames done (fidx 193) (t+6845 ms)
lsfg-vk-app: [dbg] present: doneFd[0] 14 signaled within 500ms: yes (fidx 193) (t+6848 ms)
lsfg-vk-app: [dbg] present: acquire gen 0/1 (fidx 193) (t+6848 ms)
lsfg-vk-app: [dbg] present: acquire real (fidx 193) (t+6848 ms)
lsfg-vk-app: [dbg] present: captureFd 14 signaled within 500ms: yes (fidx 194) (t+6865 ms)
lsfg-vk-app: [dbg] present: FRAME received, scheduleFrames start (fidx 194) (t+6865 ms)
lsfg-vk-app: [dbg] present: scheduleFrames done (fidx 194) (t+6865 ms)
lsfg-vk-app: [dbg] present: doneFd[0] 14 signaled within 500ms: yes (fidx 194) (t+6868 ms)
lsfg-vk-app: [dbg] present: acquire gen 0/1 (fidx 194) (t+6868 ms)
lsfg-vk-app: [dbg] present: acquire real (fidx 194) (t+6868 ms)
lsfg-vk-app: [dbg] present: captureFd 14 signaled within 500ms: yes (fidx 195) (t+6884 ms)
lsfg-vk-app: [dbg] present: FRAME received, scheduleFrames start (fidx 195) (t+6884 ms)
lsfg-vk-app: [dbg] present: scheduleFrames done (fidx 195) (t+6885 ms)
lsfg-vk-app: [dbg] present: doneFd[0] 14 signaled within 500ms: yes (fidx 195) (t+6886 ms)
lsfg-vk-app: [dbg] present: acquire gen 0/1 (fidx 195) (t+6886 ms)
lsfg-vk-app: [dbg] present: acquire real (fidx 195) (t+6887 ms)
lsfg-vk-app: [dbg] present: captureFd 14 signaled within 500ms: yes (fidx 196) (t+6903 ms)
lsfg-vk-app: [dbg] present: FRAME received, scheduleFrames start (fidx 196) (t+6903 ms)
lsfg-vk-app: [dbg] present: scheduleFrames done (fidx 196) (t+6903 ms)
lsfg-vk-app: [dbg] present: doneFd[0] 14 signaled within 500ms: yes (fidx 196) (t+6905 ms)
lsfg-vk-app: [dbg] present: acquire gen 0/1 (fidx 196) (t+6905 ms)
lsfg-vk-app: [dbg] present: acquire real (fidx 196) (t+6906 ms)
lsfg-vk-app: [dbg] present: captureFd 14 signaled within 500ms: yes (fidx 197) (t+6923 ms)
lsfg-vk-app: [dbg] present: FRAME received, scheduleFrames start (fidx 197) (t+6923 ms)
lsfg-vk-app: [dbg] present: scheduleFrames done (fidx 197) (t+6923 ms)
lsfg-vk-app: [dbg] present: doneFd[0] 14 signaled within 500ms: yes (fidx 197) (t+6925 ms)
lsfg-vk-app: [dbg] present: acquire gen 0/1 (fidx 197) (t+6925 ms)
lsfg-vk-app: [dbg] present: acquire real (fidx 197) (t+6925 ms)
lsfg-vk-app: [dbg] present: captureFd 14 signaled within 500ms: yes (fidx 198) (t+6941 ms)
lsfg-vk-app: [dbg] present: FRAME received, scheduleFrames start (fidx 198) (t+6941 ms)
lsfg-vk-app: [dbg] present: scheduleFrames done (fidx 198) (t+6942 ms)
lsfg-vk-app: [dbg] present: doneFd[0] 14 signaled within 500ms: yes (fidx 198) (t+6943 ms)
lsfg-vk-app: [dbg] present: acquire gen 0/1 (fidx 198) (t+6943 ms)
lsfg-vk-app: [dbg] present: acquire real (fidx 198) (t+6943 ms)
lsfg-vk-app: [dbg] present: captureFd 14 signaled within 500ms: yes (fidx 199) (t+6959 ms)
lsfg-vk-app: [dbg] present: FRAME received, scheduleFrames start (fidx 199) (t+6959 ms)
lsfg-vk-app: [dbg] present: scheduleFrames done (fidx 199) (t+6960 ms)
lsfg-vk-app: [dbg] present: doneFd[0] 14 signaled within 500ms: yes (fidx 199) (t+6963 ms)
lsfg-vk-app: [dbg] present: acquire gen 0/1 (fidx 199) (t+6963 ms)
lsfg-vk-app: [dbg] present: acquire real (fidx 199) (t+6963 ms)
lsfg-vk-app: [dbg] present: captureFd 14 signaled within 500ms: yes (fidx 200) (t+6980 ms)
lsfg-vk-app: [dbg] present: FRAME received, scheduleFrames start (fidx 200) (t+6980 ms)
lsfg-vk-app: [dbg] present: scheduleFrames done (fidx 200) (t+6980 ms)
lsfg-vk-app: [dbg] present: doneFd[0] 14 signaled within 500ms: yes (fidx 200) (t+6983 ms)
lsfg-vk-app: [dbg] present: acquire gen 0/1 (fidx 200) (t+6983 ms)
lsfg-vk-app: [dbg] present: acquire real (fidx 200) (t+6983 ms)
lsfg-vk-app: [dbg] present: captureFd 14 signaled within 500ms: yes (fidx 201) (t+6999 ms)
lsfg-vk-app: [dbg] present: FRAME received, scheduleFrames start (fidx 201) (t+6999 ms)
lsfg-vk-app: [dbg] present: scheduleFrames done (fidx 201) (t+6999 ms)
lsfg-vk-app: [dbg] present: doneFd[0] 14 signaled within 500ms: yes (fidx 201) (t+7001 ms)
lsfg-vk-app: [dbg] present: acquire gen 0/1 (fidx 201) (t+7001 ms)
lsfg-vk-app: [dbg] present: acquire real (fidx 201) (t+7001 ms)
lsfg-vk-app: [dbg] present: captureFd 14 signaled within 500ms: yes (fidx 202) (t+7018 ms)
lsfg-vk-app: [dbg] present: FRAME received, scheduleFrames start (fidx 202) (t+7018 ms)
lsfg-vk-app: [dbg] present: scheduleFrames done (fidx 202) (t+7018 ms)
lsfg-vk-app: [dbg] present: doneFd[0] 14 signaled within 500ms: yes (fidx 202) (t+7020 ms)
lsfg-vk-app: [dbg] present: acquire gen 0/1 (fidx 202) (t+7020 ms)
lsfg-vk-app: [dbg] present: acquire real (fidx 202) (t+7020 ms)
lsfg-vk-app: [dbg] present: captureFd 14 signaled within 500ms: yes (fidx 203) (t+7037 ms)
lsfg-vk-app: [dbg] present: FRAME received, scheduleFrames start (fidx 203) (t+7037 ms)
lsfg-vk-app: [dbg] present: scheduleFrames done (fidx 203) (t+7037 ms)
lsfg-vk-app: [dbg] present: doneFd[0] 14 signaled within 500ms: yes (fidx 203) (t+7040 ms)
lsfg-vk-app: [dbg] present: acquire gen 0/1 (fidx 203) (t+7040 ms)
lsfg-vk-app: [dbg] present: acquire real (fidx 203) (t+7041 ms)
lsfg-vk-app: [dbg] present: captureFd 14 signaled within 500ms: yes (fidx 204) (t+7057 ms)
lsfg-vk-app: [dbg] present: FRAME received, scheduleFrames start (fidx 204) (t+7057 ms)
lsfg-vk-app: [dbg] present: scheduleFrames done (fidx 204) (t+7057 ms)
lsfg-vk-app: [dbg] present: doneFd[0] 14 signaled within 500ms: yes (fidx 204) (t+7060 ms)
lsfg-vk-app: [dbg] present: acquire gen 0/1 (fidx 204) (t+7060 ms)
lsfg-vk-app: [dbg] present: acquire real (fidx 204) (t+7060 ms)
lsfg-vk-app: [dbg] present: captureFd 14 signaled within 500ms: yes (fidx 205) (t+7077 ms)
lsfg-vk-app: [dbg] present: FRAME received, scheduleFrames start (fidx 205) (t+7077 ms)
lsfg-vk-app: [dbg] present: scheduleFrames done (fidx 205) (t+7077 ms)
lsfg-vk-app: [dbg] present: doneFd[0] 14 signaled within 500ms: yes (fidx 205) (t+7080 ms)
lsfg-vk-app: [dbg] present: acquire gen 0/1 (fidx 205) (t+7080 ms)
lsfg-vk-app: [dbg] present: acquire real (fidx 205) (t+7080 ms)
lsfg-vk-app: [dbg] present: captureFd 14 signaled within 500ms: yes (fidx 206) (t+7097 ms)
lsfg-vk-app: [dbg] present: FRAME received, scheduleFrames start (fidx 206) (t+7097 ms)
lsfg-vk-app: [dbg] present: scheduleFrames done (fidx 206) (t+7097 ms)
lsfg-vk-app: [dbg] present: doneFd[0] 14 signaled within 500ms: yes (fidx 206) (t+7099 ms)
lsfg-vk-app: [dbg] present: acquire gen 0/1 (fidx 206) (t+7099 ms)
lsfg-vk-app: [dbg] present: acquire real (fidx 206) (t+7099 ms)
lsfg-vk-app: [dbg] present: captureFd 14 signaled within 500ms: yes (fidx 207) (t+7115 ms)
lsfg-vk-app: [dbg] present: FRAME received, scheduleFrames start (fidx 207) (t+7115 ms)
lsfg-vk-app: [dbg] present: scheduleFrames done (fidx 207) (t+7116 ms)
lsfg-vk-app: [dbg] present: doneFd[0] 14 signaled within 500ms: yes (fidx 207) (t+7119 ms)
lsfg-vk-app: [dbg] present: acquire gen 0/1 (fidx 207) (t+7119 ms)
lsfg-vk-app: [dbg] present: acquire real (fidx 207) (t+7119 ms)
lsfg-vk-app: [dbg] present: captureFd 14 signaled within 500ms: yes (fidx 208) (t+7136 ms)
lsfg-vk-app: [dbg] present: FRAME received, scheduleFrames start (fidx 208) (t+7136 ms)
lsfg-vk-app: [dbg] present: scheduleFrames done (fidx 208) (t+7136 ms)
lsfg-vk-app: [dbg] present: doneFd[0] 14 signaled within 500ms: yes (fidx 208) (t+7138 ms)
lsfg-vk-app: [dbg] present: acquire gen 0/1 (fidx 208) (t+7138 ms)
lsfg-vk-app: [dbg] present: acquire real (fidx 208) (t+7138 ms)
lsfg-vk-app: [dbg] present: captureFd 14 signaled within 500ms: yes (fidx 209) (t+7155 ms)
lsfg-vk-app: [dbg] present: FRAME received, scheduleFrames start (fidx 209) (t+7155 ms)
lsfg-vk-app: [dbg] present: scheduleFrames done (fidx 209) (t+7155 ms)
lsfg-vk-app: [dbg] present: doneFd[0] 14 signaled within 500ms: yes (fidx 209) (t+7158 ms)
lsfg-vk-app: [dbg] present: acquire gen 0/1 (fidx 209) (t+7158 ms)
lsfg-vk-app: [dbg] present: acquire real (fidx 209) (t+7158 ms)
lsfg-vk-app: [dbg] present: captureFd 14 signaled within 500ms: yes (fidx 210) (t+7175 ms)
lsfg-vk-app: [dbg] present: FRAME received, scheduleFrames start (fidx 210) (t+7175 ms)
lsfg-vk-app: [dbg] present: scheduleFrames done (fidx 210) (t+7175 ms)
lsfg-vk-app: [dbg] present: doneFd[0] 14 signaled within 500ms: yes (fidx 210) (t+7177 ms)
lsfg-vk-app: [dbg] present: acquire gen 0/1 (fidx 210) (t+7177 ms)
lsfg-vk-app: [dbg] present: acquire real (fidx 210) (t+7177 ms)
lsfg-vk-app: [dbg] present: captureFd 14 signaled within 500ms: yes (fidx 211) (t+7194 ms)
lsfg-vk-app: [dbg] present: FRAME received, scheduleFrames start (fidx 211) (t+7194 ms)
lsfg-vk-app: [dbg] present: scheduleFrames done (fidx 211) (t+7194 ms)
lsfg-vk-app: [dbg] present: doneFd[0] 14 signaled within 500ms: yes (fidx 211) (t+7196 ms)
lsfg-vk-app: [dbg] present: acquire gen 0/1 (fidx 211) (t+7196 ms)
lsfg-vk-app: [dbg] present: acquire real (fidx 211) (t+7197 ms)
lsfg-vk-app: [dbg] present: captureFd 14 signaled within 500ms: yes (fidx 212) (t+7213 ms)
lsfg-vk-app: [dbg] present: FRAME received, scheduleFrames start (fidx 212) (t+7213 ms)
lsfg-vk-app: [dbg] present: scheduleFrames done (fidx 212) (t+7213 ms)
lsfg-vk-app: [dbg] present: doneFd[0] 14 signaled within 500ms: yes (fidx 212) (t+7216 ms)
lsfg-vk-app: [dbg] present: acquire gen 0/1 (fidx 212) (t+7216 ms)
lsfg-vk-app: [dbg] present: acquire real (fidx 212) (t+7216 ms)
lsfg-vk-app: [dbg] present: captureFd 14 signaled within 500ms: yes (fidx 213) (t+7232 ms)
lsfg-vk-app: [dbg] present: FRAME received, scheduleFrames start (fidx 213) (t+7232 ms)
lsfg-vk-app: [dbg] present: scheduleFrames done (fidx 213) (t+7232 ms)
lsfg-vk-app: [dbg] present: doneFd[0] 14 signaled within 500ms: yes (fidx 213) (t+7236 ms)
lsfg-vk-app: [dbg] present: acquire gen 0/1 (fidx 213) (t+7236 ms)
lsfg-vk-app: [dbg] present: acquire real (fidx 213) (t+7236 ms)
lsfg-vk-app: [dbg] present: captureFd 14 signaled within 500ms: yes (fidx 214) (t+7253 ms)
lsfg-vk-app: [dbg] present: FRAME received, scheduleFrames start (fidx 214) (t+7253 ms)
lsfg-vk-app: [dbg] present: scheduleFrames done (fidx 214) (t+7253 ms)
lsfg-vk-app: [dbg] present: doneFd[0] 14 signaled within 500ms: yes (fidx 214) (t+7256 ms)
lsfg-vk-app: [dbg] present: acquire gen 0/1 (fidx 214) (t+7256 ms)
lsfg-vk-app: [dbg] present: acquire real (fidx 214) (t+7256 ms)
lsfg-vk-app: [dbg] present: captureFd 14 signaled within 500ms: yes (fidx 215) (t+7273 ms)
lsfg-vk-app: [dbg] present: FRAME received, scheduleFrames start (fidx 215) (t+7273 ms)
lsfg-vk-app: [dbg] present: scheduleFrames done (fidx 215) (t+7273 ms)
lsfg-vk-app: [dbg] present: doneFd[0] 14 signaled within 500ms: yes (fidx 215) (t+7276 ms)
lsfg-vk-app: [dbg] present: acquire gen 0/1 (fidx 215) (t+7276 ms)
lsfg-vk-app: [dbg] present: acquire real (fidx 215) (t+7276 ms)
lsfg-vk-app: [dbg] present: captureFd 14 signaled within 500ms: yes (fidx 216) (t+7293 ms)
lsfg-vk-app: [dbg] present: FRAME received, scheduleFrames start (fidx 216) (t+7293 ms)
lsfg-vk-app: [dbg] present: scheduleFrames done (fidx 216) (t+7293 ms)
lsfg-vk-app: [dbg] present: doneFd[0] 14 signaled within 500ms: yes (fidx 216) (t+7295 ms)
lsfg-vk-app: [dbg] present: acquire gen 0/1 (fidx 216) (t+7295 ms)
lsfg-vk-app: [dbg] present: acquire real (fidx 216) (t+7295 ms)
lsfg-vk-app: [dbg] present: captureFd 14 signaled within 500ms: yes (fidx 217) (t+7311 ms)
lsfg-vk-app: [dbg] present: FRAME received, scheduleFrames start (fidx 217) (t+7311 ms)
lsfg-vk-app: [dbg] present: scheduleFrames done (fidx 217) (t+7312 ms)
lsfg-vk-app: [dbg] present: doneFd[0] 14 signaled within 500ms: yes (fidx 217) (t+7314 ms)
lsfg-vk-app: [dbg] present: acquire gen 0/1 (fidx 217) (t+7314 ms)
lsfg-vk-app: [dbg] present: acquire real (fidx 217) (t+7314 ms)
lsfg-vk-app: [dbg] present: captureFd 14 signaled within 500ms: yes (fidx 218) (t+7330 ms)
lsfg-vk-app: [dbg] present: FRAME received, scheduleFrames start (fidx 218) (t+7330 ms)
lsfg-vk-app: [dbg] present: scheduleFrames done (fidx 218) (t+7330 ms)
lsfg-vk-app: [dbg] present: doneFd[0] 14 signaled within 500ms: yes (fidx 218) (t+7332 ms)
lsfg-vk-app: [dbg] present: acquire gen 0/1 (fidx 218) (t+7332 ms)
lsfg-vk-app: [dbg] present: acquire real (fidx 218) (t+7332 ms)
lsfg-vk-app: [dbg] present: captureFd 14 signaled within 500ms: yes (fidx 219) (t+7348 ms)
lsfg-vk-app: [dbg] present: FRAME received, scheduleFrames start (fidx 219) (t+7348 ms)
lsfg-vk-app: [dbg] present: scheduleFrames done (fidx 219) (t+7348 ms)
lsfg-vk-app: [dbg] present: doneFd[0] 14 signaled within 500ms: yes (fidx 219) (t+7350 ms)
lsfg-vk-app: [dbg] present: acquire gen 0/1 (fidx 219) (t+7350 ms)
lsfg-vk-app: [dbg] present: acquire real (fidx 219) (t+7350 ms)
lsfg-vk-app: [dbg] present: captureFd 14 signaled within 500ms: yes (fidx 220) (t+7367 ms)
lsfg-vk-app: [dbg] present: FRAME received, scheduleFrames start (fidx 220) (t+7367 ms)
lsfg-vk-app: [dbg] present: scheduleFrames done (fidx 220) (t+7367 ms)
lsfg-vk-app: [dbg] present: doneFd[0] 14 signaled within 500ms: yes (fidx 220) (t+7369 ms)
lsfg-vk-app: [dbg] present: acquire gen 0/1 (fidx 220) (t+7369 ms)
lsfg-vk-app: [dbg] present: acquire real (fidx 220) (t+7370 ms)
lsfg-vk-app: [dbg] present: captureFd 14 signaled within 500ms: yes (fidx 221) (t+7387 ms)
lsfg-vk-app: [dbg] present: FRAME received, scheduleFrames start (fidx 221) (t+7387 ms)
lsfg-vk-app: [dbg] present: scheduleFrames done (fidx 221) (t+7387 ms)
lsfg-vk-app: [dbg] present: doneFd[0] 14 signaled within 500ms: yes (fidx 221) (t+7389 ms)
lsfg-vk-app: [dbg] present: acquire gen 0/1 (fidx 221) (t+7389 ms)
lsfg-vk-app: [dbg] present: acquire real (fidx 221) (t+7389 ms)
lsfg-vk-app: [dbg] present: captureFd 14 signaled within 500ms: yes (fidx 222) (t+7405 ms)
lsfg-vk-app: [dbg] present: FRAME received, scheduleFrames start (fidx 222) (t+7405 ms)
lsfg-vk-app: [dbg] present: scheduleFrames done (fidx 222) (t+7405 ms)
lsfg-vk-app: [dbg] present: doneFd[0] 14 signaled within 500ms: yes (fidx 222) (t+7407 ms)
lsfg-vk-app: [dbg] present: acquire gen 0/1 (fidx 222) (t+7407 ms)
lsfg-vk-app: [dbg] present: acquire real (fidx 222) (t+7407 ms)
lsfg-vk-app: [dbg] present: captureFd 14 signaled within 500ms: yes (fidx 223) (t+7424 ms)
lsfg-vk-app: [dbg] present: FRAME received, scheduleFrames start (fidx 223) (t+7424 ms)
lsfg-vk-app: [dbg] present: scheduleFrames done (fidx 223) (t+7424 ms)
lsfg-vk-app: [dbg] present: doneFd[0] 14 signaled within 500ms: yes (fidx 223) (t+7427 ms)
lsfg-vk-app: [dbg] present: acquire gen 0/1 (fidx 223) (t+7427 ms)
lsfg-vk-app: [dbg] present: acquire real (fidx 223) (t+7427 ms)
lsfg-vk-app: [dbg] present: captureFd 14 signaled within 500ms: yes (fidx 224) (t+7443 ms)
lsfg-vk-app: [dbg] present: FRAME received, scheduleFrames start (fidx 224) (t+7443 ms)
lsfg-vk-app: [dbg] present: scheduleFrames done (fidx 224) (t+7443 ms)
lsfg-vk-app: [dbg] present: doneFd[0] 14 signaled within 500ms: yes (fidx 224) (t+7446 ms)
lsfg-vk-app: [dbg] present: acquire gen 0/1 (fidx 224) (t+7446 ms)
lsfg-vk-app: [dbg] present: acquire real (fidx 224) (t+7446 ms)
lsfg-vk-app: [dbg] present: captureFd 14 signaled within 500ms: yes (fidx 225) (t+7462 ms)
lsfg-vk-app: [dbg] present: FRAME received, scheduleFrames start (fidx 225) (t+7462 ms)
lsfg-vk-app: [dbg] present: scheduleFrames done (fidx 225) (t+7462 ms)
lsfg-vk-app: [dbg] present: doneFd[0] 14 signaled within 500ms: yes (fidx 225) (t+7465 ms)
lsfg-vk-app: [dbg] present: acquire gen 0/1 (fidx 225) (t+7465 ms)
lsfg-vk-app: [dbg] present: acquire real (fidx 225) (t+7465 ms)
lsfg-vk-app: [dbg] present: captureFd 14 signaled within 500ms: yes (fidx 226) (t+7481 ms)
lsfg-vk-app: [dbg] present: FRAME received, scheduleFrames start (fidx 226) (t+7481 ms)
lsfg-vk-app: [dbg] present: scheduleFrames done (fidx 226) (t+7481 ms)
lsfg-vk-app: [dbg] present: doneFd[0] 14 signaled within 500ms: yes (fidx 226) (t+7483 ms)
lsfg-vk-app: [dbg] present: acquire gen 0/1 (fidx 226) (t+7483 ms)
lsfg-vk-app: [dbg] present: acquire real (fidx 226) (t+7484 ms)
lsfg-vk-app: [dbg] present: captureFd 14 signaled within 500ms: yes (fidx 227) (t+7500 ms)
lsfg-vk-app: [dbg] present: FRAME received, scheduleFrames start (fidx 227) (t+7500 ms)
lsfg-vk-app: [dbg] present: scheduleFrames done (fidx 227) (t+7501 ms)
lsfg-vk-app: [dbg] present: doneFd[0] 14 signaled within 500ms: yes (fidx 227) (t+7503 ms)
lsfg-vk-app: [dbg] present: acquire gen 0/1 (fidx 227) (t+7503 ms)
lsfg-vk-app: [dbg] present: acquire real (fidx 227) (t+7503 ms)
lsfg-vk-app: [dbg] present: captureFd 14 signaled within 500ms: yes (fidx 228) (t+7520 ms)
lsfg-vk-app: [dbg] present: FRAME received, scheduleFrames start (fidx 228) (t+7520 ms)
lsfg-vk-app: [dbg] present: scheduleFrames done (fidx 228) (t+7521 ms)
lsfg-vk-app: [dbg] present: doneFd[0] 14 signaled within 500ms: yes (fidx 228) (t+7523 ms)
lsfg-vk-app: [dbg] present: acquire gen 0/1 (fidx 228) (t+7523 ms)
lsfg-vk-app: [dbg] present: acquire real (fidx 228) (t+7524 ms)
lsfg-vk-app: [dbg] present: captureFd 14 signaled within 500ms: yes (fidx 229) (t+7540 ms)
lsfg-vk-app: [dbg] present: FRAME received, scheduleFrames start (fidx 229) (t+7540 ms)
lsfg-vk-app: [dbg] present: scheduleFrames done (fidx 229) (t+7540 ms)
lsfg-vk-app: [dbg] present: doneFd[0] 14 signaled within 500ms: yes (fidx 229) (t+7542 ms)
lsfg-vk-app: [dbg] present: acquire gen 0/1 (fidx 229) (t+7542 ms)
lsfg-vk-app: [dbg] present: acquire real (fidx 229) (t+7543 ms)
lsfg-vk-app: [dbg] present: captureFd 14 signaled within 500ms: yes (fidx 230) (t+7560 ms)
lsfg-vk-app: [dbg] present: FRAME received, scheduleFrames start (fidx 230) (t+7560 ms)
lsfg-vk-app: [dbg] present: scheduleFrames done (fidx 230) (t+7560 ms)
lsfg-vk-app: [dbg] present: doneFd[0] 14 signaled within 500ms: yes (fidx 230) (t+7563 ms)
lsfg-vk-app: [dbg] present: acquire gen 0/1 (fidx 230) (t+7563 ms)
lsfg-vk-app: [dbg] present: acquire real (fidx 230) (t+7563 ms)
lsfg-vk-app: [dbg] present: captureFd 14 signaled within 500ms: yes (fidx 231) (t+7580 ms)
lsfg-vk-app: [dbg] present: FRAME received, scheduleFrames start (fidx 231) (t+7580 ms)
lsfg-vk-app: [dbg] present: scheduleFrames done (fidx 231) (t+7580 ms)
lsfg-vk-app: [dbg] present: doneFd[0] 14 signaled within 500ms: yes (fidx 231) (t+7584 ms)
lsfg-vk-app: [dbg] present: acquire gen 0/1 (fidx 231) (t+7584 ms)
lsfg-vk-app: [dbg] present: acquire real (fidx 231) (t+7584 ms)
lsfg-vk-app: [dbg] present: captureFd 14 signaled within 500ms: yes (fidx 232) (t+7601 ms)
lsfg-vk-app: [dbg] present: FRAME received, scheduleFrames start (fidx 232) (t+7601 ms)
lsfg-vk-app: [dbg] present: scheduleFrames done (fidx 232) (t+7601 ms)
lsfg-vk-app: [dbg] present: doneFd[0] 14 signaled within 500ms: yes (fidx 232) (t+7605 ms)
lsfg-vk-app: [dbg] present: acquire gen 0/1 (fidx 232) (t+7605 ms)
lsfg-vk-app: [dbg] present: acquire real (fidx 232) (t+7605 ms)
lsfg-vk-app: [dbg] present: captureFd 14 signaled within 500ms: yes (fidx 233) (t+7622 ms)
lsfg-vk-app: [dbg] present: FRAME received, scheduleFrames start (fidx 233) (t+7622 ms)
lsfg-vk-app: [dbg] present: scheduleFrames done (fidx 233) (t+7623 ms)
lsfg-vk-app: [dbg] present: doneFd[0] 14 signaled within 500ms: yes (fidx 233) (t+7625 ms)
lsfg-vk-app: [dbg] present: acquire gen 0/1 (fidx 233) (t+7625 ms)
lsfg-vk-app: [dbg] present: acquire real (fidx 233) (t+7626 ms)
lsfg-vk-app: [dbg] present: captureFd 14 signaled within 500ms: yes (fidx 234) (t+7643 ms)
lsfg-vk-app: [dbg] present: FRAME received, scheduleFrames start (fidx 234) (t+7643 ms)
lsfg-vk-app: [dbg] present: scheduleFrames done (fidx 234) (t+7643 ms)
lsfg-vk-app: [dbg] present: doneFd[0] 14 signaled within 500ms: yes (fidx 234) (t+7646 ms)
lsfg-vk-app: [dbg] present: acquire gen 0/1 (fidx 234) (t+7646 ms)
lsfg-vk-app: [dbg] present: acquire real (fidx 234) (t+7646 ms)
lsfg-vk-app: [dbg] present: captureFd 14 signaled within 500ms: yes (fidx 235) (t+7663 ms)
lsfg-vk-app: [dbg] present: FRAME received, scheduleFrames start (fidx 235) (t+7663 ms)
lsfg-vk-app: [dbg] present: scheduleFrames done (fidx 235) (t+7663 ms)
lsfg-vk-app: [dbg] present: doneFd[0] 14 signaled within 500ms: yes (fidx 235) (t+7666 ms)
lsfg-vk-app: [dbg] present: acquire gen 0/1 (fidx 235) (t+7666 ms)
lsfg-vk-app: [dbg] present: acquire real (fidx 235) (t+7666 ms)
lsfg-vk-app: [dbg] present: captureFd 14 signaled within 500ms: yes (fidx 236) (t+7683 ms)
lsfg-vk-app: [dbg] present: FRAME received, scheduleFrames start (fidx 236) (t+7683 ms)
lsfg-vk-app: [dbg] present: scheduleFrames done (fidx 236) (t+7683 ms)
lsfg-vk-app: [dbg] present: doneFd[0] 14 signaled within 500ms: yes (fidx 236) (t+7686 ms)
lsfg-vk-app: [dbg] present: acquire gen 0/1 (fidx 236) (t+7686 ms)
lsfg-vk-app: [dbg] present: acquire real (fidx 236) (t+7687 ms)
lsfg-vk-app: [dbg] present: captureFd 14 signaled within 500ms: yes (fidx 237) (t+7704 ms)
lsfg-vk-app: [dbg] present: FRAME received, scheduleFrames start (fidx 237) (t+7704 ms)
lsfg-vk-app: [dbg] present: scheduleFrames done (fidx 237) (t+7704 ms)
lsfg-vk-app: [dbg] present: doneFd[0] 14 signaled within 500ms: yes (fidx 237) (t+7706 ms)
lsfg-vk-app: [dbg] present: acquire gen 0/1 (fidx 237) (t+7706 ms)
lsfg-vk-app: [dbg] present: acquire real (fidx 237) (t+7706 ms)
lsfg-vk-app: [dbg] present: captureFd 14 signaled within 500ms: yes (fidx 238) (t+7723 ms)
lsfg-vk-app: [dbg] present: FRAME received, scheduleFrames start (fidx 238) (t+7723 ms)
lsfg-vk-app: [dbg] present: scheduleFrames done (fidx 238) (t+7723 ms)
lsfg-vk-app: [dbg] present: doneFd[0] 14 signaled within 500ms: yes (fidx 238) (t+7726 ms)
lsfg-vk-app: [dbg] present: acquire gen 0/1 (fidx 238) (t+7726 ms)
lsfg-vk-app: [dbg] present: acquire real (fidx 238) (t+7726 ms)
lsfg-vk-app: [dbg] present: captureFd 14 signaled within 500ms: yes (fidx 239) (t+7743 ms)
lsfg-vk-app: [dbg] present: FRAME received, scheduleFrames start (fidx 239) (t+7743 ms)
lsfg-vk-app: [dbg] present: scheduleFrames done (fidx 239) (t+7743 ms)
lsfg-vk-app: [dbg] present: doneFd[0] 14 signaled within 500ms: yes (fidx 239) (t+7746 ms)
lsfg-vk-app: [dbg] present: acquire gen 0/1 (fidx 239) (t+7746 ms)
lsfg-vk-app: [dbg] present: acquire real (fidx 239) (t+7746 ms)
lsfg-vk-app: [dbg] present: captureFd 14 signaled within 500ms: yes (fidx 240) (t+7763 ms)
lsfg-vk-app: [dbg] present: FRAME received, scheduleFrames start (fidx 240) (t+7763 ms)
lsfg-vk-app: [dbg] present: scheduleFrames done (fidx 240) (t+7763 ms)
lsfg-vk-app: [dbg] present: doneFd[0] 14 signaled within 500ms: yes (fidx 240) (t+7766 ms)
lsfg-vk-app: [dbg] present: acquire gen 0/1 (fidx 240) (t+7766 ms)
lsfg-vk-app: [dbg] present: acquire real (fidx 240) (t+7766 ms)
lsfg-vk-app: [dbg] present: captureFd 14 signaled within 500ms: yes (fidx 241) (t+7783 ms)
lsfg-vk-app: [dbg] present: FRAME received, scheduleFrames start (fidx 241) (t+7783 ms)
lsfg-vk-app: [dbg] present: scheduleFrames done (fidx 241) (t+7784 ms)
lsfg-vk-app: [dbg] present: doneFd[0] 14 signaled within 500ms: yes (fidx 241) (t+7786 ms)
lsfg-vk-app: [dbg] present: acquire gen 0/1 (fidx 241) (t+7786 ms)
lsfg-vk-app: [dbg] present: acquire real (fidx 241) (t+7786 ms)
lsfg-vk-app: [dbg] present: captureFd 14 signaled within 500ms: yes (fidx 242) (t+7803 ms)
lsfg-vk-app: [dbg] present: FRAME received, scheduleFrames start (fidx 242) (t+7803 ms)
lsfg-vk-app: [dbg] present: scheduleFrames done (fidx 242) (t+7803 ms)
lsfg-vk-app: [dbg] present: doneFd[0] 14 signaled within 500ms: yes (fidx 242) (t+7806 ms)
lsfg-vk-app: [dbg] present: acquire gen 0/1 (fidx 242) (t+7806 ms)
lsfg-vk-app: [dbg] present: acquire real (fidx 242) (t+7806 ms)
lsfg-vk-app: [dbg] present: captureFd 14 signaled within 500ms: yes (fidx 243) (t+7823 ms)
lsfg-vk-app: [dbg] present: FRAME received, scheduleFrames start (fidx 243) (t+7823 ms)
lsfg-vk-app: [dbg] present: scheduleFrames done (fidx 243) (t+7823 ms)
lsfg-vk-app: [dbg] present: doneFd[0] 14 signaled within 500ms: yes (fidx 243) (t+7826 ms)
lsfg-vk-app: [dbg] present: acquire gen 0/1 (fidx 243) (t+7826 ms)
lsfg-vk-app: [dbg] present: acquire real (fidx 243) (t+7826 ms)
lsfg-vk-app: [dbg] present: captureFd 14 signaled within 500ms: yes (fidx 244) (t+7843 ms)
lsfg-vk-app: [dbg] present: FRAME received, scheduleFrames start (fidx 244) (t+7843 ms)
lsfg-vk-app: [dbg] present: scheduleFrames done (fidx 244) (t+7843 ms)
lsfg-vk-app: [dbg] present: doneFd[0] 14 signaled within 500ms: yes (fidx 244) (t+7846 ms)
lsfg-vk-app: [dbg] present: acquire gen 0/1 (fidx 244) (t+7846 ms)
lsfg-vk-app: [dbg] present: acquire real (fidx 244) (t+7846 ms)
lsfg-vk-app: [dbg] present: captureFd 14 signaled within 500ms: yes (fidx 245) (t+7863 ms)
lsfg-vk-app: [dbg] present: FRAME received, scheduleFrames start (fidx 245) (t+7863 ms)
lsfg-vk-app: [dbg] present: scheduleFrames done (fidx 245) (t+7864 ms)
lsfg-vk-app: [dbg] present: doneFd[0] 14 signaled within 500ms: yes (fidx 245) (t+7866 ms)
lsfg-vk-app: [dbg] present: acquire gen 0/1 (fidx 245) (t+7866 ms)
lsfg-vk-app: [dbg] present: acquire real (fidx 245) (t+7866 ms)
lsfg-vk-app: [dbg] present: captureFd 14 signaled within 500ms: yes (fidx 246) (t+7883 ms)
lsfg-vk-app: [dbg] present: FRAME received, scheduleFrames start (fidx 246) (t+7883 ms)
lsfg-vk-app: [dbg] present: scheduleFrames done (fidx 246) (t+7883 ms)
lsfg-vk-app: [dbg] present: doneFd[0] 14 signaled within 500ms: yes (fidx 246) (t+7886 ms)
lsfg-vk-app: [dbg] present: acquire gen 0/1 (fidx 246) (t+7886 ms)
lsfg-vk-app: [dbg] present: acquire real (fidx 246) (t+7886 ms)
lsfg-vk-app: [dbg] present: captureFd 14 signaled within 500ms: yes (fidx 247) (t+7903 ms)
lsfg-vk-app: [dbg] present: FRAME received, scheduleFrames start (fidx 247) (t+7903 ms)
lsfg-vk-app: [dbg] present: scheduleFrames done (fidx 247) (t+7904 ms)
lsfg-vk-app: [dbg] present: doneFd[0] 14 signaled within 500ms: yes (fidx 247) (t+7906 ms)
lsfg-vk-app: [dbg] present: acquire gen 0/1 (fidx 247) (t+7906 ms)
lsfg-vk-app: [dbg] present: acquire real (fidx 247) (t+7906 ms)
lsfg-vk-app: [dbg] present: captureFd 14 signaled within 500ms: yes (fidx 248) (t+7923 ms)
lsfg-vk-app: [dbg] present: FRAME received, scheduleFrames start (fidx 248) (t+7923 ms)
lsfg-vk-app: [dbg] present: scheduleFrames done (fidx 248) (t+7924 ms)
lsfg-vk-app: [dbg] present: doneFd[0] 14 signaled within 500ms: yes (fidx 248) (t+7926 ms)
lsfg-vk-app: [dbg] present: acquire gen 0/1 (fidx 248) (t+7926 ms)
lsfg-vk-app: [dbg] present: acquire real (fidx 248) (t+7926 ms)
lsfg-vk-app: [dbg] present: captureFd 14 signaled within 500ms: yes (fidx 249) (t+7944 ms)
lsfg-vk-app: [dbg] present: FRAME received, scheduleFrames start (fidx 249) (t+7944 ms)
lsfg-vk-app: [dbg] present: scheduleFrames done (fidx 249) (t+7944 ms)
lsfg-vk-app: [dbg] present: doneFd[0] 14 signaled within 500ms: yes (fidx 249) (t+7946 ms)
lsfg-vk-app: [dbg] present: acquire gen 0/1 (fidx 249) (t+7946 ms)
lsfg-vk-app: [dbg] present: acquire real (fidx 249) (t+7946 ms)
lsfg-vk-app: [dbg] present: captureFd 14 signaled within 500ms: yes (fidx 250) (t+7964 ms)
lsfg-vk-app: [dbg] present: FRAME received, scheduleFrames start (fidx 250) (t+7964 ms)
lsfg-vk-app: [dbg] present: scheduleFrames done (fidx 250) (t+7964 ms)
lsfg-vk-app: [dbg] present: doneFd[0] 14 signaled within 500ms: yes (fidx 250) (t+7966 ms)
lsfg-vk-app: [dbg] present: acquire gen 0/1 (fidx 250) (t+7966 ms)
lsfg-vk-app: [dbg] present: acquire real (fidx 250) (t+7967 ms)
lsfg-vk-app: [dbg] present: captureFd 14 signaled within 500ms: yes (fidx 251) (t+7984 ms)
lsfg-vk-app: [dbg] present: FRAME received, scheduleFrames start (fidx 251) (t+7984 ms)
lsfg-vk-app: [dbg] present: scheduleFrames done (fidx 251) (t+7984 ms)
lsfg-vk-app: [dbg] present: doneFd[0] 14 signaled within 500ms: yes (fidx 251) (t+7987 ms)
lsfg-vk-app: [dbg] present: acquire gen 0/1 (fidx 251) (t+7987 ms)
lsfg-vk-app: [dbg] present: acquire real (fidx 251) (t+7987 ms)
lsfg-vk-app: [dbg] present: captureFd 14 signaled within 500ms: yes (fidx 252) (t+8004 ms)
lsfg-vk-app: [dbg] present: FRAME received, scheduleFrames start (fidx 252) (t+8004 ms)
lsfg-vk-app: [dbg] present: scheduleFrames done (fidx 252) (t+8005 ms)
lsfg-vk-app: [dbg] present: doneFd[0] 14 signaled within 500ms: yes (fidx 252) (t+8008 ms)
lsfg-vk-app: [dbg] present: acquire gen 0/1 (fidx 252) (t+8008 ms)
lsfg-vk-app: [dbg] present: acquire real (fidx 252) (t+8008 ms)
lsfg-vk-app: [dbg] present: captureFd 14 signaled within 500ms: yes (fidx 253) (t+8024 ms)
lsfg-vk-app: [dbg] present: FRAME received, scheduleFrames start (fidx 253) (t+8024 ms)
lsfg-vk-app: [dbg] present: scheduleFrames done (fidx 253) (t+8025 ms)
lsfg-vk-app: [dbg] present: doneFd[0] 14 signaled within 500ms: yes (fidx 253) (t+8027 ms)
lsfg-vk-app: [dbg] present: acquire gen 0/1 (fidx 253) (t+8027 ms)
lsfg-vk-app: [dbg] present: acquire real (fidx 253) (t+8027 ms)
lsfg-vk-app: [dbg] present: captureFd 14 signaled within 500ms: yes (fidx 254) (t+8044 ms)
lsfg-vk-app: [dbg] present: FRAME received, scheduleFrames start (fidx 254) (t+8044 ms)
lsfg-vk-app: [dbg] present: scheduleFrames done (fidx 254) (t+8044 ms)
lsfg-vk-app: [dbg] present: doneFd[0] 14 signaled within 500ms: yes (fidx 254) (t+8047 ms)
lsfg-vk-app: [dbg] present: acquire gen 0/1 (fidx 254) (t+8047 ms)
lsfg-vk-app: [dbg] present: acquire real (fidx 254) (t+8047 ms)
lsfg-vk-app: [dbg] present: captureFd 14 signaled within 500ms: yes (fidx 255) (t+8064 ms)
lsfg-vk-app: [dbg] present: FRAME received, scheduleFrames start (fidx 255) (t+8064 ms)
lsfg-vk-app: [dbg] present: scheduleFrames done (fidx 255) (t+8064 ms)
lsfg-vk-app: [dbg] present: doneFd[0] 14 signaled within 500ms: yes (fidx 255) (t+8067 ms)
lsfg-vk-app: [dbg] present: acquire gen 0/1 (fidx 255) (t+8067 ms)
lsfg-vk-app: [dbg] present: acquire real (fidx 255) (t+8067 ms)
lsfg-vk-app: [dbg] present: captureFd 14 signaled within 500ms: yes (fidx 256) (t+8084 ms)
lsfg-vk-app: [dbg] present: FRAME received, scheduleFrames start (fidx 256) (t+8084 ms)
lsfg-vk-app: [dbg] present: scheduleFrames done (fidx 256) (t+8084 ms)
lsfg-vk-app: [dbg] present: doneFd[0] 14 signaled within 500ms: yes (fidx 256) (t+8087 ms)
lsfg-vk-app: [dbg] present: acquire gen 0/1 (fidx 256) (t+8087 ms)
lsfg-vk-app: [dbg] present: acquire real (fidx 256) (t+8087 ms)
lsfg-vk-app: [dbg] present: captureFd 14 signaled within 500ms: yes (fidx 257) (t+8104 ms)
lsfg-vk-app: [dbg] present: FRAME received, scheduleFrames start (fidx 257) (t+8104 ms)
lsfg-vk-app: [dbg] present: scheduleFrames done (fidx 257) (t+8104 ms)
lsfg-vk-app: [dbg] present: doneFd[0] 14 signaled within 500ms: yes (fidx 257) (t+8107 ms)
lsfg-vk-app: [dbg] present: acquire gen 0/1 (fidx 257) (t+8107 ms)
lsfg-vk-app: [dbg] present: acquire real (fidx 257) (t+8107 ms)
lsfg-vk-app: [dbg] present: captureFd 14 signaled within 500ms: yes (fidx 258) (t+8124 ms)
lsfg-vk-app: [dbg] present: FRAME received, scheduleFrames start (fidx 258) (t+8124 ms)
lsfg-vk-app: [dbg] present: scheduleFrames done (fidx 258) (t+8125 ms)
lsfg-vk-app: [dbg] present: doneFd[0] 14 signaled within 500ms: yes (fidx 258) (t+8127 ms)
lsfg-vk-app: [dbg] present: acquire gen 0/1 (fidx 258) (t+8127 ms)
lsfg-vk-app: [dbg] present: acquire real (fidx 258) (t+8127 ms)
lsfg-vk-app: [dbg] present: captureFd 14 signaled within 500ms: yes (fidx 259) (t+8144 ms)
lsfg-vk-app: [dbg] present: FRAME received, scheduleFrames start (fidx 259) (t+8144 ms)
lsfg-vk-app: [dbg] present: scheduleFrames done (fidx 259) (t+8144 ms)
lsfg-vk-app: [dbg] present: doneFd[0] 14 signaled within 500ms: yes (fidx 259) (t+8148 ms)
lsfg-vk-app: [dbg] present: acquire gen 0/1 (fidx 259) (t+8148 ms)
lsfg-vk-app: [dbg] present: acquire real (fidx 259) (t+8148 ms)
lsfg-vk-app: [dbg] present: captureFd 14 signaled within 500ms: yes (fidx 260) (t+8165 ms)
lsfg-vk-app: [dbg] present: FRAME received, scheduleFrames start (fidx 260) (t+8165 ms)
lsfg-vk-app: [dbg] present: scheduleFrames done (fidx 260) (t+8166 ms)
lsfg-vk-app: [dbg] present: doneFd[0] 14 signaled within 500ms: yes (fidx 260) (t+8168 ms)
lsfg-vk-app: [dbg] present: acquire gen 0/1 (fidx 260) (t+8168 ms)
lsfg-vk-app: [dbg] present: acquire real (fidx 260) (t+8169 ms)
lsfg-vk-app: [dbg] present: captureFd 14 signaled within 500ms: yes (fidx 261) (t+8185 ms)
lsfg-vk-app: [dbg] present: FRAME received, scheduleFrames start (fidx 261) (t+8185 ms)
lsfg-vk-app: [dbg] present: scheduleFrames done (fidx 261) (t+8186 ms)
lsfg-vk-app: [dbg] present: doneFd[0] 14 signaled within 500ms: yes (fidx 261) (t+8188 ms)
lsfg-vk-app: [dbg] present: acquire gen 0/1 (fidx 261) (t+8188 ms)
lsfg-vk-app: [dbg] present: acquire real (fidx 261) (t+8188 ms)
lsfg-vk-app: [dbg] present: captureFd 14 signaled within 500ms: yes (fidx 262) (t+8205 ms)
lsfg-vk-app: [dbg] present: FRAME received, scheduleFrames start (fidx 262) (t+8205 ms)
lsfg-vk-app: [dbg] present: scheduleFrames done (fidx 262) (t+8205 ms)
lsfg-vk-app: [dbg] present: doneFd[0] 14 signaled within 500ms: yes (fidx 262) (t+8209 ms)
lsfg-vk-app: [dbg] present: acquire gen 0/1 (fidx 262) (t+8209 ms)
lsfg-vk-app: [dbg] present: acquire real (fidx 262) (t+8209 ms)
lsfg-vk-app: [dbg] present: captureFd 14 signaled within 500ms: yes (fidx 263) (t+8226 ms)
lsfg-vk-app: [dbg] present: FRAME received, scheduleFrames start (fidx 263) (t+8226 ms)
lsfg-vk-app: [dbg] present: scheduleFrames done (fidx 263) (t+8227 ms)
lsfg-vk-app: [dbg] present: doneFd[0] 14 signaled within 500ms: yes (fidx 263) (t+8229 ms)
lsfg-vk-app: [dbg] present: acquire gen 0/1 (fidx 263) (t+8229 ms)
lsfg-vk-app: [dbg] present: acquire real (fidx 263) (t+8229 ms)
lsfg-vk-app: [dbg] present: captureFd 14 signaled within 500ms: yes (fidx 264) (t+8246 ms)
lsfg-vk-app: [dbg] present: FRAME received, scheduleFrames start (fidx 264) (t+8246 ms)
lsfg-vk-app: [dbg] present: scheduleFrames done (fidx 264) (t+8247 ms)
lsfg-vk-app: [dbg] present: doneFd[0] 14 signaled within 500ms: yes (fidx 264) (t+8249 ms)
lsfg-vk-app: [dbg] present: acquire gen 0/1 (fidx 264) (t+8249 ms)
lsfg-vk-app: [dbg] present: acquire real (fidx 264) (t+8249 ms)
lsfg-vk-app: [dbg] present: captureFd 14 signaled within 500ms: yes (fidx 265) (t+8266 ms)
lsfg-vk-app: [dbg] present: FRAME received, scheduleFrames start (fidx 265) (t+8266 ms)
lsfg-vk-app: [dbg] present: scheduleFrames done (fidx 265) (t+8266 ms)
lsfg-vk-app: [dbg] present: doneFd[0] 14 signaled within 500ms: yes (fidx 265) (t+8269 ms)
lsfg-vk-app: [dbg] present: acquire gen 0/1 (fidx 265) (t+8269 ms)
lsfg-vk-app: [dbg] present: acquire real (fidx 265) (t+8269 ms)
lsfg-vk-app: [dbg] present: captureFd 14 signaled within 500ms: yes (fidx 266) (t+8286 ms)
lsfg-vk-app: [dbg] present: FRAME received, scheduleFrames start (fidx 266) (t+8286 ms)
lsfg-vk-app: [dbg] present: scheduleFrames done (fidx 266) (t+8286 ms)
lsfg-vk-app: [dbg] present: doneFd[0] 14 signaled within 500ms: yes (fidx 266) (t+8289 ms)
lsfg-vk-app: [dbg] present: acquire gen 0/1 (fidx 266) (t+8289 ms)
lsfg-vk-app: [dbg] present: acquire real (fidx 266) (t+8289 ms)
lsfg-vk-app: [dbg] present: captureFd 14 signaled within 500ms: yes (fidx 267) (t+8306 ms)
lsfg-vk-app: [dbg] present: FRAME received, scheduleFrames start (fidx 267) (t+8306 ms)
lsfg-vk-app: [dbg] present: scheduleFrames done (fidx 267) (t+8306 ms)
lsfg-vk-app: [dbg] present: doneFd[0] 14 signaled within 500ms: yes (fidx 267) (t+8309 ms)
lsfg-vk-app: [dbg] present: acquire gen 0/1 (fidx 267) (t+8309 ms)
lsfg-vk-app: [dbg] present: acquire real (fidx 267) (t+8309 ms)
lsfg-vk-app: [dbg] present: captureFd 14 signaled within 500ms: yes (fidx 268) (t+8326 ms)
lsfg-vk-app: [dbg] present: FRAME received, scheduleFrames start (fidx 268) (t+8326 ms)
lsfg-vk-app: [dbg] present: scheduleFrames done (fidx 268) (t+8326 ms)
lsfg-vk-app: [dbg] present: doneFd[0] 14 signaled within 500ms: yes (fidx 268) (t+8329 ms)
lsfg-vk-app: [dbg] present: acquire gen 0/1 (fidx 268) (t+8329 ms)
lsfg-vk-app: [dbg] present: acquire real (fidx 268) (t+8329 ms)
lsfg-vk-app: [dbg] present: captureFd 14 signaled within 500ms: yes (fidx 269) (t+8346 ms)
lsfg-vk-app: [dbg] present: FRAME received, scheduleFrames start (fidx 269) (t+8346 ms)
lsfg-vk-app: [dbg] present: scheduleFrames done (fidx 269) (t+8346 ms)
lsfg-vk-app: [dbg] present: doneFd[0] 14 signaled within 500ms: yes (fidx 269) (t+8349 ms)
lsfg-vk-app: [dbg] present: acquire gen 0/1 (fidx 269) (t+8349 ms)
lsfg-vk-app: [dbg] present: acquire real (fidx 269) (t+8349 ms)
lsfg-vk-app: [dbg] present: captureFd 14 signaled within 500ms: yes (fidx 270) (t+8366 ms)
lsfg-vk-app: [dbg] present: FRAME received, scheduleFrames start (fidx 270) (t+8366 ms)
lsfg-vk-app: [dbg] present: scheduleFrames done (fidx 270) (t+8367 ms)
lsfg-vk-app: [dbg] present: doneFd[0] 14 signaled within 500ms: yes (fidx 270) (t+8369 ms)
lsfg-vk-app: [dbg] present: acquire gen 0/1 (fidx 270) (t+8369 ms)
lsfg-vk-app: [dbg] present: acquire real (fidx 270) (t+8369 ms)
lsfg-vk-app: [dbg] present: captureFd 14 signaled within 500ms: yes (fidx 271) (t+8386 ms)
lsfg-vk-app: [dbg] present: FRAME received, scheduleFrames start (fidx 271) (t+8386 ms)
lsfg-vk-app: [dbg] present: scheduleFrames done (fidx 271) (t+8386 ms)
lsfg-vk-app: [dbg] present: doneFd[0] 14 signaled within 500ms: yes (fidx 271) (t+8389 ms)
lsfg-vk-app: [dbg] present: acquire gen 0/1 (fidx 271) (t+8389 ms)
lsfg-vk-app: [dbg] present: acquire real (fidx 271) (t+8389 ms)
lsfg-vk-app: [dbg] present: captureFd 14 signaled within 500ms: yes (fidx 272) (t+8406 ms)
lsfg-vk-app: [dbg] present: FRAME received, scheduleFrames start (fidx 272) (t+8406 ms)
lsfg-vk-app: [dbg] present: scheduleFrames done (fidx 272) (t+8407 ms)
lsfg-vk-app: [dbg] present: doneFd[0] 14 signaled within 500ms: yes (fidx 272) (t+8410 ms)
lsfg-vk-app: [dbg] present: acquire gen 0/1 (fidx 272) (t+8410 ms)
lsfg-vk-app: [dbg] present: acquire real (fidx 272) (t+8410 ms)
lsfg-vk-app: [dbg] present: captureFd 14 signaled within 500ms: yes (fidx 273) (t+8427 ms)
lsfg-vk-app: [dbg] present: FRAME received, scheduleFrames start (fidx 273) (t+8427 ms)
lsfg-vk-app: [dbg] present: scheduleFrames done (fidx 273) (t+8427 ms)
lsfg-vk-app: [dbg] present: doneFd[0] 14 signaled within 500ms: yes (fidx 273) (t+8430 ms)
lsfg-vk-app: [dbg] present: acquire gen 0/1 (fidx 273) (t+8430 ms)
lsfg-vk-app: [dbg] present: acquire real (fidx 273) (t+8430 ms)
lsfg-vk-app: [dbg] present: captureFd 14 signaled within 500ms: yes (fidx 274) (t+8447 ms)
lsfg-vk-app: [dbg] present: FRAME received, scheduleFrames start (fidx 274) (t+8447 ms)
lsfg-vk-app: [dbg] present: scheduleFrames done (fidx 274) (t+8448 ms)
lsfg-vk-app: [dbg] present: doneFd[0] 14 signaled within 500ms: yes (fidx 274) (t+8450 ms)
lsfg-vk-app: [dbg] present: acquire gen 0/1 (fidx 274) (t+8450 ms)
lsfg-vk-app: [dbg] present: acquire real (fidx 274) (t+8450 ms)
lsfg-vk-app: [dbg] present: captureFd 14 signaled within 500ms: yes (fidx 275) (t+8467 ms)
lsfg-vk-app: [dbg] present: FRAME received, scheduleFrames start (fidx 275) (t+8467 ms)
lsfg-vk-app: [dbg] present: scheduleFrames done (fidx 275) (t+8467 ms)
lsfg-vk-app: [dbg] present: doneFd[0] 14 signaled within 500ms: yes (fidx 275) (t+8470 ms)
lsfg-vk-app: [dbg] present: acquire gen 0/1 (fidx 275) (t+8470 ms)
lsfg-vk-app: [dbg] present: acquire real (fidx 275) (t+8470 ms)
lsfg-vk-app: [dbg] present: captureFd 14 signaled within 500ms: yes (fidx 276) (t+8486 ms)
lsfg-vk-app: [dbg] present: FRAME received, scheduleFrames start (fidx 276) (t+8486 ms)
lsfg-vk-app: [dbg] present: scheduleFrames done (fidx 276) (t+8487 ms)
lsfg-vk-app: [dbg] present: doneFd[0] 14 signaled within 500ms: yes (fidx 276) (t+8490 ms)
lsfg-vk-app: [dbg] present: acquire gen 0/1 (fidx 276) (t+8490 ms)
lsfg-vk-app: [dbg] present: acquire real (fidx 276) (t+8490 ms)
lsfg-vk-app: [dbg] present: captureFd 14 signaled within 500ms: yes (fidx 277) (t+8507 ms)
lsfg-vk-app: [dbg] present: FRAME received, scheduleFrames start (fidx 277) (t+8507 ms)
lsfg-vk-app: [dbg] present: scheduleFrames done (fidx 277) (t+8508 ms)
lsfg-vk-app: [dbg] present: doneFd[0] 14 signaled within 500ms: yes (fidx 277) (t+8510 ms)
lsfg-vk-app: [dbg] present: acquire gen 0/1 (fidx 277) (t+8510 ms)
lsfg-vk-app: [dbg] present: acquire real (fidx 277) (t+8510 ms)
lsfg-vk-app: [dbg] present: captureFd 14 signaled within 500ms: yes (fidx 278) (t+8528 ms)
lsfg-vk-app: [dbg] present: FRAME received, scheduleFrames start (fidx 278) (t+8528 ms)
lsfg-vk-app: [dbg] present: scheduleFrames done (fidx 278) (t+8528 ms)
lsfg-vk-app: [dbg] present: doneFd[0] 14 signaled within 500ms: yes (fidx 278) (t+8531 ms)
lsfg-vk-app: [dbg] present: acquire gen 0/1 (fidx 278) (t+8531 ms)
lsfg-vk-app: [dbg] present: acquire real (fidx 278) (t+8531 ms)
lsfg-vk-app: [dbg] present: captureFd 14 signaled within 500ms: yes (fidx 279) (t+8548 ms)
lsfg-vk-app: [dbg] present: FRAME received, scheduleFrames start (fidx 279) (t+8548 ms)
lsfg-vk-app: [dbg] present: scheduleFrames done (fidx 279) (t+8548 ms)
lsfg-vk-app: [dbg] present: doneFd[0] 14 signaled within 500ms: yes (fidx 279) (t+8551 ms)
lsfg-vk-app: [dbg] present: acquire gen 0/1 (fidx 279) (t+8551 ms)
lsfg-vk-app: [dbg] present: acquire real (fidx 279) (t+8551 ms)
lsfg-vk-app: [dbg] present: captureFd 14 signaled within 500ms: yes (fidx 280) (t+8568 ms)
lsfg-vk-app: [dbg] present: FRAME received, scheduleFrames start (fidx 280) (t+8568 ms)
lsfg-vk-app: [dbg] present: scheduleFrames done (fidx 280) (t+8569 ms)
lsfg-vk-app: [dbg] present: doneFd[0] 14 signaled within 500ms: yes (fidx 280) (t+8572 ms)
lsfg-vk-app: [dbg] present: acquire gen 0/1 (fidx 280) (t+8572 ms)
lsfg-vk-app: [dbg] present: acquire real (fidx 280) (t+8572 ms)
lsfg-vk-app: [dbg] present: captureFd 14 signaled within 500ms: yes (fidx 281) (t+8589 ms)
lsfg-vk-app: [dbg] present: FRAME received, scheduleFrames start (fidx 281) (t+8589 ms)
lsfg-vk-app: [dbg] present: scheduleFrames done (fidx 281) (t+8590 ms)
lsfg-vk-app: [dbg] present: doneFd[0] 14 signaled within 500ms: yes (fidx 281) (t+8593 ms)
lsfg-vk-app: [dbg] present: acquire gen 0/1 (fidx 281) (t+8593 ms)
lsfg-vk-app: [dbg] present: acquire real (fidx 281) (t+8593 ms)
lsfg-vk-app: [dbg] present: captureFd 14 signaled within 500ms: yes (fidx 282) (t+8610 ms)
lsfg-vk-app: [dbg] present: FRAME received, scheduleFrames start (fidx 282) (t+8610 ms)
lsfg-vk-app: [dbg] present: scheduleFrames done (fidx 282) (t+8611 ms)
lsfg-vk-app: [dbg] present: doneFd[0] 14 signaled within 500ms: yes (fidx 282) (t+8613 ms)
lsfg-vk-app: [dbg] present: acquire gen 0/1 (fidx 282) (t+8613 ms)
lsfg-vk-app: [dbg] present: acquire real (fidx 282) (t+8613 ms)
lsfg-vk-app: [dbg] present: captureFd 14 signaled within 500ms: yes (fidx 283) (t+8630 ms)
lsfg-vk-app: [dbg] present: FRAME received, scheduleFrames start (fidx 283) (t+8630 ms)
lsfg-vk-app: [dbg] present: scheduleFrames done (fidx 283) (t+8630 ms)
lsfg-vk-app: [dbg] present: doneFd[0] 14 signaled within 500ms: yes (fidx 283) (t+8634 ms)
lsfg-vk-app: [dbg] present: acquire gen 0/1 (fidx 283) (t+8634 ms)
lsfg-vk-app: [dbg] present: acquire real (fidx 283) (t+8634 ms)
lsfg-vk-app: [dbg] present: captureFd 14 signaled within 500ms: yes (fidx 284) (t+8651 ms)
lsfg-vk-app: [dbg] present: FRAME received, scheduleFrames start (fidx 284) (t+8651 ms)
lsfg-vk-app: [dbg] present: scheduleFrames done (fidx 284) (t+8651 ms)
lsfg-vk-app: [dbg] present: doneFd[0] 14 signaled within 500ms: yes (fidx 284) (t+8655 ms)
lsfg-vk-app: [dbg] present: acquire gen 0/1 (fidx 284) (t+8655 ms)
lsfg-vk-app: [dbg] present: acquire real (fidx 284) (t+8655 ms)
lsfg-vk-app: [dbg] present: captureFd 14 signaled within 500ms: yes (fidx 285) (t+8672 ms)
lsfg-vk-app: [dbg] present: FRAME received, scheduleFrames start (fidx 285) (t+8672 ms)
lsfg-vk-app: [dbg] present: scheduleFrames done (fidx 285) (t+8672 ms)
lsfg-vk-app: [dbg] present: doneFd[0] 14 signaled within 500ms: yes (fidx 285) (t+8676 ms)
lsfg-vk-app: [dbg] present: acquire gen 0/1 (fidx 285) (t+8676 ms)
lsfg-vk-app: [dbg] present: acquire real (fidx 285) (t+8676 ms)
lsfg-vk-app: [dbg] present: captureFd 14 signaled within 500ms: yes (fidx 286) (t+8693 ms)
lsfg-vk-app: [dbg] present: FRAME received, scheduleFrames start (fidx 286) (t+8693 ms)
lsfg-vk-app: [dbg] present: scheduleFrames done (fidx 286) (t+8693 ms)
lsfg-vk-app: [dbg] present: doneFd[0] 14 signaled within 500ms: yes (fidx 286) (t+8695 ms)
lsfg-vk-app: [dbg] present: acquire gen 0/1 (fidx 286) (t+8695 ms)
lsfg-vk-app: [dbg] present: acquire real (fidx 286) (t+8695 ms)
lsfg-vk-app: [dbg] present: captureFd 14 signaled within 500ms: yes (fidx 287) (t+8712 ms)
lsfg-vk-app: [dbg] present: FRAME received, scheduleFrames start (fidx 287) (t+8712 ms)
lsfg-vk-app: [dbg] present: scheduleFrames done (fidx 287) (t+8712 ms)
lsfg-vk-app: [dbg] present: doneFd[0] 14 signaled within 500ms: yes (fidx 287) (t+8715 ms)
lsfg-vk-app: [dbg] present: acquire gen 0/1 (fidx 287) (t+8715 ms)
lsfg-vk-app: [dbg] present: acquire real (fidx 287) (t+8715 ms)
lsfg-vk-app: [dbg] present: captureFd 14 signaled within 500ms: yes (fidx 288) (t+8732 ms)
lsfg-vk-app: [dbg] present: FRAME received, scheduleFrames start (fidx 288) (t+8732 ms)
lsfg-vk-app: [dbg] present: scheduleFrames done (fidx 288) (t+8732 ms)
lsfg-vk-app: [dbg] present: doneFd[0] 14 signaled within 500ms: yes (fidx 288) (t+8735 ms)
lsfg-vk-app: [dbg] present: acquire gen 0/1 (fidx 288) (t+8735 ms)
lsfg-vk-app: [dbg] present: acquire real (fidx 288) (t+8735 ms)
lsfg-vk-app: [dbg] present: captureFd 14 signaled within 500ms: yes (fidx 289) (t+8752 ms)
lsfg-vk-app: [dbg] present: FRAME received, scheduleFrames start (fidx 289) (t+8752 ms)
lsfg-vk-app: [dbg] present: scheduleFrames done (fidx 289) (t+8753 ms)
lsfg-vk-app: [dbg] present: doneFd[0] 14 signaled within 500ms: yes (fidx 289) (t+8755 ms)
lsfg-vk-app: [dbg] present: acquire gen 0/1 (fidx 289) (t+8755 ms)
lsfg-vk-app: [dbg] present: acquire real (fidx 289) (t+8755 ms)
lsfg-vk-app: [dbg] present: captureFd 14 signaled within 500ms: yes (fidx 290) (t+8772 ms)
lsfg-vk-app: [dbg] present: FRAME received, scheduleFrames start (fidx 290) (t+8772 ms)
lsfg-vk-app: [dbg] present: scheduleFrames done (fidx 290) (t+8772 ms)
lsfg-vk-app: [dbg] present: doneFd[0] 14 signaled within 500ms: yes (fidx 290) (t+8775 ms)
lsfg-vk-app: [dbg] present: acquire gen 0/1 (fidx 290) (t+8775 ms)
lsfg-vk-app: [dbg] present: acquire real (fidx 290) (t+8775 ms)
lsfg-vk-app: [dbg] present: captureFd 14 signaled within 500ms: yes (fidx 291) (t+8792 ms)
lsfg-vk-app: [dbg] present: FRAME received, scheduleFrames start (fidx 291) (t+8792 ms)
lsfg-vk-app: [dbg] present: scheduleFrames done (fidx 291) (t+8792 ms)
lsfg-vk-app: [dbg] present: doneFd[0] 14 signaled within 500ms: yes (fidx 291) (t+8795 ms)
lsfg-vk-app: [dbg] present: acquire gen 0/1 (fidx 291) (t+8795 ms)
lsfg-vk-app: [dbg] present: acquire real (fidx 291) (t+8795 ms)
lsfg-vk-app: [dbg] present: captureFd 14 signaled within 500ms: yes (fidx 292) (t+8812 ms)
lsfg-vk-app: [dbg] present: FRAME received, scheduleFrames start (fidx 292) (t+8812 ms)
lsfg-vk-app: [dbg] present: scheduleFrames done (fidx 292) (t+8813 ms)
lsfg-vk-app: [dbg] present: doneFd[0] 14 signaled within 500ms: yes (fidx 292) (t+8815 ms)
lsfg-vk-app: [dbg] present: acquire gen 0/1 (fidx 292) (t+8815 ms)
lsfg-vk-app: [dbg] present: acquire real (fidx 292) (t+8815 ms)
lsfg-vk-app: [dbg] present: captureFd 14 signaled within 500ms: yes (fidx 293) (t+8832 ms)
lsfg-vk-app: [dbg] present: FRAME received, scheduleFrames start (fidx 293) (t+8833 ms)
lsfg-vk-app: [dbg] present: scheduleFrames done (fidx 293) (t+8833 ms)
lsfg-vk-app: [dbg] present: doneFd[0] 14 signaled within 500ms: yes (fidx 293) (t+8835 ms)
lsfg-vk-app: [dbg] present: acquire gen 0/1 (fidx 293) (t+8835 ms)
lsfg-vk-app: [dbg] present: acquire real (fidx 293) (t+8835 ms)
lsfg-vk-app: [dbg] present: captureFd 14 signaled within 500ms: yes (fidx 294) (t+8852 ms)
lsfg-vk-app: [dbg] present: FRAME received, scheduleFrames start (fidx 294) (t+8852 ms)
lsfg-vk-app: [dbg] present: scheduleFrames done (fidx 294) (t+8852 ms)
lsfg-vk-app: [dbg] present: doneFd[0] 14 signaled within 500ms: yes (fidx 294) (t+8854 ms)
lsfg-vk-app: [dbg] present: acquire gen 0/1 (fidx 294) (t+8854 ms)
lsfg-vk-app: [dbg] present: acquire real (fidx 294) (t+8854 ms)
lsfg-vk-app: [dbg] present: captureFd 14 signaled within 500ms: yes (fidx 295) (t+8871 ms)
lsfg-vk-app: [dbg] present: FRAME received, scheduleFrames start (fidx 295) (t+8871 ms)
lsfg-vk-app: [dbg] present: scheduleFrames done (fidx 295) (t+8871 ms)
lsfg-vk-app: [dbg] present: doneFd[0] 14 signaled within 500ms: yes (fidx 295) (t+8874 ms)
lsfg-vk-app: [dbg] present: acquire gen 0/1 (fidx 295) (t+8874 ms)
lsfg-vk-app: [dbg] present: acquire real (fidx 295) (t+8874 ms)
lsfg-vk-app: [dbg] present: captureFd 14 signaled within 500ms: yes (fidx 296) (t+8891 ms)
lsfg-vk-app: [dbg] present: FRAME received, scheduleFrames start (fidx 296) (t+8891 ms)
lsfg-vk-app: [dbg] present: scheduleFrames done (fidx 296) (t+8891 ms)
lsfg-vk-app: [dbg] present: doneFd[0] 14 signaled within 500ms: yes (fidx 296) (t+8894 ms)
lsfg-vk-app: [dbg] present: acquire gen 0/1 (fidx 296) (t+8894 ms)
lsfg-vk-app: [dbg] present: acquire real (fidx 296) (t+8894 ms)
lsfg-vk-app: [dbg] present: captureFd 14 signaled within 500ms: yes (fidx 297) (t+8911 ms)
lsfg-vk-app: [dbg] present: FRAME received, scheduleFrames start (fidx 297) (t+8911 ms)
lsfg-vk-app: [dbg] present: scheduleFrames done (fidx 297) (t+8912 ms)
lsfg-vk-app: [dbg] present: doneFd[0] 14 signaled within 500ms: yes (fidx 297) (t+8913 ms)
lsfg-vk-app: [dbg] present: acquire gen 0/1 (fidx 297) (t+8913 ms)
lsfg-vk-app: [dbg] present: acquire real (fidx 297) (t+8913 ms)
lsfg-vk-app: [dbg] present: captureFd 14 signaled within 500ms: yes (fidx 298) (t+8930 ms)
lsfg-vk-app: [dbg] present: FRAME received, scheduleFrames start (fidx 298) (t+8930 ms)
lsfg-vk-app: [dbg] present: scheduleFrames done (fidx 298) (t+8931 ms)
lsfg-vk-app: [dbg] present: doneFd[0] 14 signaled within 500ms: yes (fidx 298) (t+8933 ms)
lsfg-vk-app: [dbg] present: acquire gen 0/1 (fidx 298) (t+8933 ms)
lsfg-vk-app: [dbg] present: acquire real (fidx 298) (t+8933 ms)
lsfg-vk-app: [dbg] present: captureFd 14 signaled within 500ms: yes (fidx 299) (t+8950 ms)
lsfg-vk-app: [dbg] present: FRAME received, scheduleFrames start (fidx 299) (t+8950 ms)
lsfg-vk-app: [dbg] present: scheduleFrames done (fidx 299) (t+8951 ms)
lsfg-vk-app: [dbg] present: doneFd[0] 14 signaled within 500ms: yes (fidx 299) (t+8954 ms)
lsfg-vk-app: [dbg] present: acquire gen 0/1 (fidx 299) (t+8954 ms)
lsfg-vk-app: [dbg] present: acquire real (fidx 299) (t+8954 ms)
lsfg-vk-app: [dbg] present: captureFd 14 signaled within 500ms: yes (fidx 300) (t+8971 ms)
lsfg-vk-app: [dbg] present: FRAME received, scheduleFrames start (fidx 300) (t+8971 ms)
lsfg-vk-app: [dbg] present: scheduleFrames done (fidx 300) (t+8971 ms)
lsfg-vk-app: [dbg] present: doneFd[0] 14 signaled within 500ms: yes (fidx 300) (t+8972 ms)
lsfg-vk-app: [dbg] present: acquire gen 0/1 (fidx 300) (t+8972 ms)
lsfg-vk-app: [dbg] present: acquire real (fidx 300) (t+8973 ms)
lsfg-vk-app: [dbg] present: captureFd 14 signaled within 500ms: yes (fidx 301) (t+8989 ms)
lsfg-vk-app: [dbg] present: FRAME received, scheduleFrames start (fidx 301) (t+8989 ms)
lsfg-vk-app: [dbg] present: scheduleFrames done (fidx 301) (t+8990 ms)
lsfg-vk-app: [dbg] present: doneFd[0] 14 signaled within 500ms: yes (fidx 301) (t+8993 ms)
lsfg-vk-app: [dbg] present: acquire gen 0/1 (fidx 301) (t+8993 ms)
lsfg-vk-app: [dbg] present: acquire real (fidx 301) (t+8993 ms)
lsfg-vk-app: [dbg] present: captureFd 14 signaled within 500ms: yes (fidx 302) (t+9010 ms)
lsfg-vk-app: [dbg] present: FRAME received, scheduleFrames start (fidx 302) (t+9010 ms)
lsfg-vk-app: [dbg] present: scheduleFrames done (fidx 302) (t+9010 ms)
lsfg-vk-app: [dbg] present: doneFd[0] 14 signaled within 500ms: yes (fidx 302) (t+9012 ms)
lsfg-vk-app: [dbg] present: acquire gen 0/1 (fidx 302) (t+9012 ms)
lsfg-vk-app: [dbg] present: acquire real (fidx 302) (t+9012 ms)
lsfg-vk-app: [dbg] present: captureFd 14 signaled within 500ms: yes (fidx 303) (t+9029 ms)
lsfg-vk-app: [dbg] present: FRAME received, scheduleFrames start (fidx 303) (t+9029 ms)
lsfg-vk-app: [dbg] present: scheduleFrames done (fidx 303) (t+9029 ms)
lsfg-vk-app: [dbg] present: doneFd[0] 14 signaled within 500ms: yes (fidx 303) (t+9032 ms)
lsfg-vk-app: [dbg] present: acquire gen 0/1 (fidx 303) (t+9032 ms)
lsfg-vk-app: [dbg] present: acquire real (fidx 303) (t+9032 ms)
lsfg-vk-app: [dbg] present: captureFd 14 signaled within 500ms: yes (fidx 304) (t+9049 ms)
lsfg-vk-app: [dbg] present: FRAME received, scheduleFrames start (fidx 304) (t+9049 ms)
lsfg-vk-app: [dbg] present: scheduleFrames done (fidx 304) (t+9049 ms)
lsfg-vk-app: [dbg] present: doneFd[0] 14 signaled within 500ms: yes (fidx 304) (t+9052 ms)
lsfg-vk-app: [dbg] present: acquire gen 0/1 (fidx 304) (t+9052 ms)
lsfg-vk-app: [dbg] present: acquire real (fidx 304) (t+9052 ms)
lsfg-vk-app: [dbg] present: captureFd 14 signaled within 500ms: yes (fidx 305) (t+9069 ms)
lsfg-vk-app: [dbg] present: FRAME received, scheduleFrames start (fidx 305) (t+9069 ms)
lsfg-vk-app: [dbg] present: scheduleFrames done (fidx 305) (t+9069 ms)
lsfg-vk-app: [dbg] present: doneFd[0] 14 signaled within 500ms: yes (fidx 305) (t+9071 ms)
lsfg-vk-app: [dbg] present: acquire gen 0/1 (fidx 305) (t+9071 ms)
lsfg-vk-app: [dbg] present: acquire real (fidx 305) (t+9072 ms)
lsfg-vk-app: [dbg] present: captureFd 14 signaled within 500ms: yes (fidx 306) (t+9089 ms)
lsfg-vk-app: [dbg] present: FRAME received, scheduleFrames start (fidx 306) (t+9089 ms)
lsfg-vk-app: [dbg] present: scheduleFrames done (fidx 306) (t+9089 ms)
lsfg-vk-app: [dbg] present: doneFd[0] 14 signaled within 500ms: yes (fidx 306) (t+9092 ms)
lsfg-vk-app: [dbg] present: acquire gen 0/1 (fidx 306) (t+9092 ms)
lsfg-vk-app: [dbg] present: acquire real (fidx 306) (t+9092 ms)
lsfg-vk-app: [dbg] present: captureFd 14 signaled within 500ms: yes (fidx 307) (t+9109 ms)
lsfg-vk-app: [dbg] present: FRAME received, scheduleFrames start (fidx 307) (t+9109 ms)
lsfg-vk-app: [dbg] present: scheduleFrames done (fidx 307) (t+9109 ms)
lsfg-vk-app: [dbg] present: doneFd[0] 14 signaled within 500ms: yes (fidx 307) (t+9111 ms)
lsfg-vk-app: [dbg] present: acquire gen 0/1 (fidx 307) (t+9111 ms)
lsfg-vk-app: [dbg] present: acquire real (fidx 307) (t+9111 ms)
lsfg-vk-app: [dbg] present: captureFd 14 signaled within 500ms: yes (fidx 308) (t+9128 ms)
lsfg-vk-app: [dbg] present: FRAME received, scheduleFrames start (fidx 308) (t+9128 ms)
lsfg-vk-app: [dbg] present: scheduleFrames done (fidx 308) (t+9128 ms)
lsfg-vk-app: [dbg] present: doneFd[0] 14 signaled within 500ms: yes (fidx 308) (t+9131 ms)
lsfg-vk-app: [dbg] present: acquire gen 0/1 (fidx 308) (t+9131 ms)
lsfg-vk-app: [dbg] present: acquire real (fidx 308) (t+9132 ms)
lsfg-vk-app: [dbg] present: captureFd 14 signaled within 500ms: yes (fidx 309) (t+9149 ms)
lsfg-vk-app: [dbg] present: FRAME received, scheduleFrames start (fidx 309) (t+9149 ms)
lsfg-vk-app: [dbg] present: scheduleFrames done (fidx 309) (t+9149 ms)
lsfg-vk-app: [dbg] present: doneFd[0] 14 signaled within 500ms: yes (fidx 309) (t+9152 ms)
lsfg-vk-app: [dbg] present: acquire gen 0/1 (fidx 309) (t+9152 ms)
lsfg-vk-app: [dbg] present: acquire real (fidx 309) (t+9152 ms)
lsfg-vk-app: [dbg] present: captureFd 14 signaled within 500ms: yes (fidx 310) (t+9169 ms)
lsfg-vk-app: [dbg] present: FRAME received, scheduleFrames start (fidx 310) (t+9169 ms)
lsfg-vk-app: [dbg] present: scheduleFrames done (fidx 310) (t+9170 ms)
lsfg-vk-app: [dbg] present: doneFd[0] 14 signaled within 500ms: yes (fidx 310) (t+9172 ms)
lsfg-vk-app: [dbg] present: acquire gen 0/1 (fidx 310) (t+9172 ms)
lsfg-vk-app: [dbg] present: acquire real (fidx 310) (t+9172 ms)
lsfg-vk-app: [dbg] present: captureFd 14 signaled within 500ms: yes (fidx 311) (t+9189 ms)
lsfg-vk-app: [dbg] present: FRAME received, scheduleFrames start (fidx 311) (t+9189 ms)
lsfg-vk-app: [dbg] present: scheduleFrames done (fidx 311) (t+9189 ms)
lsfg-vk-app: [dbg] present: doneFd[0] 14 signaled within 500ms: yes (fidx 311) (t+9191 ms)
lsfg-vk-app: [dbg] present: acquire gen 0/1 (fidx 311) (t+9191 ms)
lsfg-vk-app: [dbg] present: acquire real (fidx 311) (t+9191 ms)
lsfg-vk-app: [dbg] present: captureFd 14 signaled within 500ms: yes (fidx 312) (t+9208 ms)
lsfg-vk-app: [dbg] present: FRAME received, scheduleFrames start (fidx 312) (t+9208 ms)
lsfg-vk-app: [dbg] present: scheduleFrames done (fidx 312) (t+9209 ms)
lsfg-vk-app: [dbg] present: doneFd[0] 14 signaled within 500ms: yes (fidx 312) (t+9211 ms)
lsfg-vk-app: [dbg] present: acquire gen 0/1 (fidx 312) (t+9211 ms)
lsfg-vk-app: [dbg] present: acquire real (fidx 312) (t+9211 ms)
lsfg-vk-app: [dbg] present: captureFd 14 signaled within 500ms: yes (fidx 313) (t+9228 ms)
lsfg-vk-app: [dbg] present: FRAME received, scheduleFrames start (fidx 313) (t+9228 ms)
lsfg-vk-app: [dbg] present: scheduleFrames done (fidx 313) (t+9228 ms)
lsfg-vk-app: [dbg] present: doneFd[0] 14 signaled within 500ms: yes (fidx 313) (t+9231 ms)
lsfg-vk-app: [dbg] present: acquire gen 0/1 (fidx 313) (t+9231 ms)
lsfg-vk-app: [dbg] present: acquire real (fidx 313) (t+9231 ms)
lsfg-vk-app: [dbg] present: captureFd 14 signaled within 500ms: yes (fidx 314) (t+9248 ms)
lsfg-vk-app: [dbg] present: FRAME received, scheduleFrames start (fidx 314) (t+9248 ms)
lsfg-vk-app: [dbg] present: scheduleFrames done (fidx 314) (t+9248 ms)
lsfg-vk-app: [dbg] present: doneFd[0] 14 signaled within 500ms: yes (fidx 314) (t+9250 ms)
lsfg-vk-app: [dbg] present: acquire gen 0/1 (fidx 314) (t+9250 ms)
lsfg-vk-app: [dbg] present: acquire real (fidx 314) (t+9251 ms)
lsfg-vk-app: [dbg] present: captureFd 14 signaled within 500ms: yes (fidx 315) (t+9267 ms)
lsfg-vk-app: [dbg] present: FRAME received, scheduleFrames start (fidx 315) (t+9267 ms)
lsfg-vk-app: [dbg] present: scheduleFrames done (fidx 315) (t+9268 ms)
lsfg-vk-app: [dbg] present: doneFd[0] 14 signaled within 500ms: yes (fidx 315) (t+9270 ms)
lsfg-vk-app: [dbg] present: acquire gen 0/1 (fidx 315) (t+9270 ms)
lsfg-vk-app: [dbg] present: acquire real (fidx 315) (t+9270 ms)
lsfg-vk-app: [dbg] present: captureFd 14 signaled within 500ms: yes (fidx 316) (t+9287 ms)
lsfg-vk-app: [dbg] present: FRAME received, scheduleFrames start (fidx 316) (t+9287 ms)
lsfg-vk-app: [dbg] present: scheduleFrames done (fidx 316) (t+9288 ms)
lsfg-vk-app: [dbg] present: doneFd[0] 14 signaled within 500ms: yes (fidx 316) (t+9291 ms)
lsfg-vk-app: [dbg] present: acquire gen 0/1 (fidx 316) (t+9291 ms)
lsfg-vk-app: [dbg] present: acquire real (fidx 316) (t+9291 ms)
lsfg-vk-app: [dbg] present: captureFd 14 signaled within 500ms: yes (fidx 317) (t+9307 ms)
lsfg-vk-app: [dbg] present: FRAME received, scheduleFrames start (fidx 317) (t+9307 ms)
lsfg-vk-app: [dbg] present: scheduleFrames done (fidx 317) (t+9308 ms)
lsfg-vk-app: [dbg] present: doneFd[0] 14 signaled within 500ms: yes (fidx 317) (t+9310 ms)
lsfg-vk-app: [dbg] present: acquire gen 0/1 (fidx 317) (t+9310 ms)
lsfg-vk-app: [dbg] present: acquire real (fidx 317) (t+9310 ms)
lsfg-vk-app: [dbg] present: captureFd 14 signaled within 500ms: yes (fidx 318) (t+9327 ms)
lsfg-vk-app: [dbg] present: FRAME received, scheduleFrames start (fidx 318) (t+9327 ms)
lsfg-vk-app: [dbg] present: scheduleFrames done (fidx 318) (t+9327 ms)
lsfg-vk-app: [dbg] present: doneFd[0] 14 signaled within 500ms: yes (fidx 318) (t+9330 ms)
lsfg-vk-app: [dbg] present: acquire gen 0/1 (fidx 318) (t+9330 ms)
lsfg-vk-app: [dbg] present: acquire real (fidx 318) (t+9330 ms)
lsfg-vk-app: [dbg] present: captureFd 14 signaled within 500ms: yes (fidx 319) (t+9347 ms)
lsfg-vk-app: [dbg] present: FRAME received, scheduleFrames start (fidx 319) (t+9347 ms)
lsfg-vk-app: [dbg] present: scheduleFrames done (fidx 319) (t+9347 ms)
lsfg-vk-app: [dbg] present: doneFd[0] 14 signaled within 500ms: yes (fidx 319) (t+9349 ms)
lsfg-vk-app: [dbg] present: acquire gen 0/1 (fidx 319) (t+9349 ms)
lsfg-vk-app: [dbg] present: acquire real (fidx 319) (t+9349 ms)
lsfg-vk-app: [dbg] present: captureFd 14 signaled within 500ms: yes (fidx 320) (t+9366 ms)
lsfg-vk-app: [dbg] present: FRAME received, scheduleFrames start (fidx 320) (t+9366 ms)
lsfg-vk-app: [dbg] present: scheduleFrames done (fidx 320) (t+9367 ms)
lsfg-vk-app: [dbg] present: doneFd[0] 14 signaled within 500ms: yes (fidx 320) (t+9369 ms)
lsfg-vk-app: [dbg] present: acquire gen 0/1 (fidx 320) (t+9369 ms)
lsfg-vk-app: [dbg] present: acquire real (fidx 320) (t+9369 ms)
lsfg-vk-app: [dbg] present: captureFd 14 signaled within 500ms: yes (fidx 321) (t+9386 ms)
lsfg-vk-app: [dbg] present: FRAME received, scheduleFrames start (fidx 321) (t+9386 ms)
lsfg-vk-app: [dbg] present: scheduleFrames done (fidx 321) (t+9387 ms)
lsfg-vk-app: [dbg] present: doneFd[0] 14 signaled within 500ms: yes (fidx 321) (t+9389 ms)
lsfg-vk-app: [dbg] present: acquire gen 0/1 (fidx 321) (t+9389 ms)
lsfg-vk-app: [dbg] present: acquire real (fidx 321) (t+9389 ms)
lsfg-vk-app: [dbg] present: captureFd 14 signaled within 500ms: yes (fidx 322) (t+9406 ms)
lsfg-vk-app: [dbg] present: FRAME received, scheduleFrames start (fidx 322) (t+9406 ms)
lsfg-vk-app: [dbg] present: scheduleFrames done (fidx 322) (t+9406 ms)
lsfg-vk-app: [dbg] present: doneFd[0] 14 signaled within 500ms: yes (fidx 322) (t+9409 ms)
lsfg-vk-app: [dbg] present: acquire gen 0/1 (fidx 322) (t+9409 ms)
lsfg-vk-app: [dbg] present: acquire real (fidx 322) (t+9409 ms)
lsfg-vk-app: [dbg] present: captureFd 14 signaled within 500ms: yes (fidx 323) (t+9426 ms)
lsfg-vk-app: [dbg] present: FRAME received, scheduleFrames start (fidx 323) (t+9426 ms)
lsfg-vk-app: [dbg] present: scheduleFrames done (fidx 323) (t+9426 ms)
lsfg-vk-app: [dbg] present: doneFd[0] 14 signaled within 500ms: yes (fidx 323) (t+9428 ms)
lsfg-vk-app: [dbg] present: acquire gen 0/1 (fidx 323) (t+9428 ms)
lsfg-vk-app: [dbg] present: acquire real (fidx 323) (t+9428 ms)
lsfg-vk-app: [dbg] present: captureFd 14 signaled within 500ms: yes (fidx 324) (t+9445 ms)
lsfg-vk-app: [dbg] present: FRAME received, scheduleFrames start (fidx 324) (t+9445 ms)
lsfg-vk-app: [dbg] present: scheduleFrames done (fidx 324) (t+9446 ms)
lsfg-vk-app: [dbg] present: doneFd[0] 14 signaled within 500ms: yes (fidx 324) (t+9447 ms)
lsfg-vk-app: [dbg] present: acquire gen 0/1 (fidx 324) (t+9447 ms)
lsfg-vk-app: [dbg] present: acquire real (fidx 324) (t+9447 ms)
lsfg-vk-app: [dbg] present: captureFd 14 signaled within 500ms: yes (fidx 325) (t+9464 ms)
lsfg-vk-app: [dbg] present: FRAME received, scheduleFrames start (fidx 325) (t+9464 ms)
lsfg-vk-app: [dbg] present: scheduleFrames done (fidx 325) (t+9465 ms)
lsfg-vk-app: [dbg] present: doneFd[0] 14 signaled within 500ms: yes (fidx 325) (t+9468 ms)
lsfg-vk-app: [dbg] present: acquire gen 0/1 (fidx 325) (t+9468 ms)
lsfg-vk-app: [dbg] present: acquire real (fidx 325) (t+9468 ms)
lsfg-vk-app: [dbg] present: captureFd 14 signaled within 500ms: yes (fidx 326) (t+9485 ms)
lsfg-vk-app: [dbg] present: FRAME received, scheduleFrames start (fidx 326) (t+9485 ms)
lsfg-vk-app: [dbg] present: scheduleFrames done (fidx 326) (t+9485 ms)
lsfg-vk-app: [dbg] present: doneFd[0] 14 signaled within 500ms: yes (fidx 326) (t+9488 ms)
lsfg-vk-app: [dbg] present: acquire gen 0/1 (fidx 326) (t+9488 ms)
lsfg-vk-app: [dbg] present: acquire real (fidx 326) (t+9488 ms)
lsfg-vk-app: [dbg] present: captureFd 14 signaled within 500ms: yes (fidx 327) (t+9505 ms)
lsfg-vk-app: [dbg] present: FRAME received, scheduleFrames start (fidx 327) (t+9505 ms)
lsfg-vk-app: [dbg] present: scheduleFrames done (fidx 327) (t+9505 ms)
lsfg-vk-app: [dbg] present: doneFd[0] 14 signaled within 500ms: yes (fidx 327) (t+9507 ms)
lsfg-vk-app: [dbg] present: acquire gen 0/1 (fidx 327) (t+9507 ms)
lsfg-vk-app: [dbg] present: acquire real (fidx 327) (t+9508 ms)
lsfg-vk-app: [dbg] present: captureFd 14 signaled within 500ms: yes (fidx 328) (t+9525 ms)
lsfg-vk-app: [dbg] present: FRAME received, scheduleFrames start (fidx 328) (t+9525 ms)
lsfg-vk-app: [dbg] present: scheduleFrames done (fidx 328) (t+9525 ms)
lsfg-vk-app: [dbg] present: doneFd[0] 14 signaled within 500ms: yes (fidx 328) (t+9527 ms)
lsfg-vk-app: [dbg] present: acquire gen 0/1 (fidx 328) (t+9527 ms)
lsfg-vk-app: [dbg] present: acquire real (fidx 328) (t+9527 ms)
lsfg-vk-app: [dbg] present: captureFd 14 signaled within 500ms: yes (fidx 329) (t+9544 ms)
lsfg-vk-app: [dbg] present: FRAME received, scheduleFrames start (fidx 329) (t+9544 ms)
lsfg-vk-app: [dbg] present: scheduleFrames done (fidx 329) (t+9544 ms)
lsfg-vk-app: [dbg] present: doneFd[0] 14 signaled within 500ms: yes (fidx 329) (t+9546 ms)
lsfg-vk-app: [dbg] present: acquire gen 0/1 (fidx 329) (t+9546 ms)
lsfg-vk-app: [dbg] present: acquire real (fidx 329) (t+9546 ms)
lsfg-vk-app: [dbg] present: captureFd 14 signaled within 500ms: yes (fidx 330) (t+9563 ms)
lsfg-vk-app: [dbg] present: FRAME received, scheduleFrames start (fidx 330) (t+9563 ms)
lsfg-vk-app: [dbg] present: scheduleFrames done (fidx 330) (t+9564 ms)
lsfg-vk-app: [dbg] present: doneFd[0] 14 signaled within 500ms: yes (fidx 330) (t+9566 ms)
lsfg-vk-app: [dbg] present: acquire gen 0/1 (fidx 330) (t+9566 ms)
lsfg-vk-app: [dbg] present: acquire real (fidx 330) (t+9566 ms)
lsfg-vk-app: [dbg] present: captureFd 14 signaled within 500ms: yes (fidx 331) (t+9582 ms)
lsfg-vk-app: [dbg] present: FRAME received, scheduleFrames start (fidx 331) (t+9582 ms)
lsfg-vk-app: [dbg] present: scheduleFrames done (fidx 331) (t+9583 ms)
lsfg-vk-app: [dbg] present: doneFd[0] 14 signaled within 500ms: yes (fidx 331) (t+9585 ms)
lsfg-vk-app: [dbg] present: acquire gen 0/1 (fidx 331) (t+9585 ms)
lsfg-vk-app: [dbg] present: acquire real (fidx 331) (t+9585 ms)
lsfg-vk-app: [dbg] present: captureFd 14 signaled within 500ms: yes (fidx 332) (t+9602 ms)
lsfg-vk-app: [dbg] present: FRAME received, scheduleFrames start (fidx 332) (t+9602 ms)
lsfg-vk-app: [dbg] present: scheduleFrames done (fidx 332) (t+9602 ms)
lsfg-vk-app: [dbg] present: doneFd[0] 14 signaled within 500ms: yes (fidx 332) (t+9605 ms)
lsfg-vk-app: [dbg] present: acquire gen 0/1 (fidx 332) (t+9605 ms)
lsfg-vk-app: [dbg] present: acquire real (fidx 332) (t+9605 ms)
lsfg-vk-app: [dbg] present: captureFd 14 signaled within 500ms: yes (fidx 333) (t+9622 ms)
lsfg-vk-app: [dbg] present: FRAME received, scheduleFrames start (fidx 333) (t+9622 ms)
lsfg-vk-app: [dbg] present: scheduleFrames done (fidx 333) (t+9623 ms)
lsfg-vk-app: [dbg] present: doneFd[0] 14 signaled within 500ms: yes (fidx 333) (t+9625 ms)
lsfg-vk-app: [dbg] present: acquire gen 0/1 (fidx 333) (t+9625 ms)
lsfg-vk-app: [dbg] present: acquire real (fidx 333) (t+9625 ms)
lsfg-vk-app: [dbg] present: captureFd 14 signaled within 500ms: yes (fidx 334) (t+9642 ms)
lsfg-vk-app: [dbg] present: FRAME received, scheduleFrames start (fidx 334) (t+9642 ms)
lsfg-vk-app: [dbg] present: scheduleFrames done (fidx 334) (t+9643 ms)
lsfg-vk-app: [dbg] present: doneFd[0] 14 signaled within 500ms: yes (fidx 334) (t+9645 ms)
lsfg-vk-app: [dbg] present: acquire gen 0/1 (fidx 334) (t+9645 ms)
lsfg-vk-app: [dbg] present: acquire real (fidx 334) (t+9645 ms)
lsfg-vk-app: [dbg] present: captureFd 14 signaled within 500ms: yes (fidx 335) (t+9662 ms)
lsfg-vk-app: [dbg] present: FRAME received, scheduleFrames start (fidx 335) (t+9662 ms)
lsfg-vk-app: [dbg] present: scheduleFrames done (fidx 335) (t+9662 ms)
lsfg-vk-app: [dbg] present: doneFd[0] 14 signaled within 500ms: yes (fidx 335) (t+9665 ms)
lsfg-vk-app: [dbg] present: acquire gen 0/1 (fidx 335) (t+9665 ms)
lsfg-vk-app: [dbg] present: acquire real (fidx 335) (t+9665 ms)
lsfg-vk-app: [dbg] present: captureFd 14 signaled within 500ms: yes (fidx 336) (t+9682 ms)
lsfg-vk-app: [dbg] present: FRAME received, scheduleFrames start (fidx 336) (t+9682 ms)
lsfg-vk-app: [dbg] present: scheduleFrames done (fidx 336) (t+9682 ms)
lsfg-vk-app: [dbg] present: doneFd[0] 14 signaled within 500ms: yes (fidx 336) (t+9685 ms)
lsfg-vk-app: [dbg] present: acquire gen 0/1 (fidx 336) (t+9685 ms)
lsfg-vk-app: [dbg] present: acquire real (fidx 336) (t+9685 ms)
lsfg-vk-app: [dbg] present: captureFd 14 signaled within 500ms: yes (fidx 337) (t+9702 ms)
lsfg-vk-app: [dbg] present: FRAME received, scheduleFrames start (fidx 337) (t+9702 ms)
lsfg-vk-app: [dbg] present: scheduleFrames done (fidx 337) (t+9702 ms)
lsfg-vk-app: [dbg] present: doneFd[0] 14 signaled within 500ms: yes (fidx 337) (t+9705 ms)
lsfg-vk-app: [dbg] present: acquire gen 0/1 (fidx 337) (t+9705 ms)
lsfg-vk-app: [dbg] present: acquire real (fidx 337) (t+9705 ms)
lsfg-vk-app: [dbg] present: captureFd 14 signaled within 500ms: yes (fidx 338) (t+9722 ms)
lsfg-vk-app: [dbg] present: FRAME received, scheduleFrames start (fidx 338) (t+9722 ms)
lsfg-vk-app: [dbg] present: scheduleFrames done (fidx 338) (t+9723 ms)
lsfg-vk-app: [dbg] present: doneFd[0] 14 signaled within 500ms: yes (fidx 338) (t+9727 ms)
lsfg-vk-app: [dbg] present: acquire gen 0/1 (fidx 338) (t+9727 ms)
lsfg-vk-app: [dbg] present: acquire real (fidx 338) (t+9727 ms)
lsfg-vk-app: [dbg] present: captureFd 14 signaled within 500ms: yes (fidx 339) (t+9744 ms)
lsfg-vk-app: [dbg] present: FRAME received, scheduleFrames start (fidx 339) (t+9744 ms)
lsfg-vk-app: [dbg] present: scheduleFrames done (fidx 339) (t+9744 ms)
lsfg-vk-app: [dbg] present: doneFd[0] 14 signaled within 500ms: yes (fidx 339) (t+9747 ms)
lsfg-vk-app: [dbg] present: acquire gen 0/1 (fidx 339) (t+9747 ms)
lsfg-vk-app: [dbg] present: acquire real (fidx 339) (t+9747 ms)
lsfg-vk-app: [dbg] present: captureFd 14 signaled within 500ms: yes (fidx 340) (t+9764 ms)
lsfg-vk-app: [dbg] present: FRAME received, scheduleFrames start (fidx 340) (t+9764 ms)
lsfg-vk-app: [dbg] present: scheduleFrames done (fidx 340) (t+9764 ms)
lsfg-vk-app: [dbg] present: doneFd[0] 14 signaled within 500ms: yes (fidx 340) (t+9767 ms)
lsfg-vk-app: [dbg] present: acquire gen 0/1 (fidx 340) (t+9767 ms)
lsfg-vk-app: [dbg] present: acquire real (fidx 340) (t+9767 ms)
lsfg-vk-app: [dbg] present: captureFd 14 signaled within 500ms: yes (fidx 341) (t+9784 ms)
lsfg-vk-app: [dbg] present: FRAME received, scheduleFrames start (fidx 341) (t+9784 ms)
lsfg-vk-app: [dbg] present: scheduleFrames done (fidx 341) (t+9785 ms)
lsfg-vk-app: [dbg] present: doneFd[0] 14 signaled within 500ms: yes (fidx 341) (t+9787 ms)
lsfg-vk-app: [dbg] present: acquire gen 0/1 (fidx 341) (t+9787 ms)
lsfg-vk-app: [dbg] present: acquire real (fidx 341) (t+9787 ms)
lsfg-vk-app: [dbg] present: captureFd 14 signaled within 500ms: yes (fidx 342) (t+9804 ms)
lsfg-vk-app: [dbg] present: FRAME received, scheduleFrames start (fidx 342) (t+9804 ms)
lsfg-vk-app: [dbg] present: scheduleFrames done (fidx 342) (t+9805 ms)
lsfg-vk-app: [dbg] present: doneFd[0] 14 signaled within 500ms: yes (fidx 342) (t+9808 ms)
lsfg-vk-app: [dbg] present: acquire gen 0/1 (fidx 342) (t+9808 ms)
lsfg-vk-app: [dbg] present: acquire real (fidx 342) (t+9808 ms)
lsfg-vk-app: [dbg] present: captureFd 14 signaled within 500ms: yes (fidx 343) (t+9824 ms)
lsfg-vk-app: [dbg] present: FRAME received, scheduleFrames start (fidx 343) (t+9824 ms)
lsfg-vk-app: [dbg] present: scheduleFrames done (fidx 343) (t+9825 ms)
lsfg-vk-app: [dbg] present: doneFd[0] 14 signaled within 500ms: yes (fidx 343) (t+9828 ms)
lsfg-vk-app: [dbg] present: acquire gen 0/1 (fidx 343) (t+9828 ms)
lsfg-vk-app: [dbg] present: acquire real (fidx 343) (t+9828 ms)
lsfg-vk-app: [dbg] present: captureFd 14 signaled within 500ms: yes (fidx 344) (t+9844 ms)
lsfg-vk-app: [dbg] present: FRAME received, scheduleFrames start (fidx 344) (t+9844 ms)
lsfg-vk-app: [dbg] present: scheduleFrames done (fidx 344) (t+9844 ms)
lsfg-vk-app: [dbg] present: doneFd[0] 14 signaled within 500ms: yes (fidx 344) (t+9846 ms)
lsfg-vk-app: [dbg] present: acquire gen 0/1 (fidx 344) (t+9846 ms)
lsfg-vk-app: [dbg] present: acquire real (fidx 344) (t+9846 ms)
lsfg-vk-app: [dbg] present: captureFd 14 signaled within 500ms: yes (fidx 345) (t+9863 ms)
lsfg-vk-app: [dbg] present: FRAME received, scheduleFrames start (fidx 345) (t+9863 ms)
lsfg-vk-app: [dbg] present: scheduleFrames done (fidx 345) (t+9863 ms)
lsfg-vk-app: [dbg] present: doneFd[0] 14 signaled within 500ms: yes (fidx 345) (t+9865 ms)
lsfg-vk-app: [dbg] present: acquire gen 0/1 (fidx 345) (t+9865 ms)
lsfg-vk-app: [dbg] present: acquire real (fidx 345) (t+9866 ms)
lsfg-vk-app: [dbg] present: captureFd 14 signaled within 500ms: yes (fidx 346) (t+9882 ms)
lsfg-vk-app: [dbg] present: FRAME received, scheduleFrames start (fidx 346) (t+9882 ms)
lsfg-vk-app: [dbg] present: scheduleFrames done (fidx 346) (t+9882 ms)
lsfg-vk-app: [dbg] present: doneFd[0] 14 signaled within 500ms: yes (fidx 346) (t+9885 ms)
lsfg-vk-app: [dbg] present: acquire gen 0/1 (fidx 346) (t+9885 ms)
lsfg-vk-app: [dbg] present: acquire real (fidx 346) (t+9885 ms)
lsfg-vk-app: [dbg] present: captureFd 14 signaled within 500ms: yes (fidx 347) (t+9901 ms)
lsfg-vk-app: [dbg] present: FRAME received, scheduleFrames start (fidx 347) (t+9901 ms)
lsfg-vk-app: [dbg] present: scheduleFrames done (fidx 347) (t+9901 ms)
lsfg-vk-app: [dbg] present: doneFd[0] 14 signaled within 500ms: yes (fidx 347) (t+9904 ms)
lsfg-vk-app: [dbg] present: acquire gen 0/1 (fidx 347) (t+9904 ms)
lsfg-vk-app: [dbg] present: acquire real (fidx 347) (t+9904 ms)
lsfg-vk-app: [dbg] present: captureFd 14 signaled within 500ms: yes (fidx 348) (t+9920 ms)
lsfg-vk-app: [dbg] present: FRAME received, scheduleFrames start (fidx 348) (t+9920 ms)
lsfg-vk-app: [dbg] present: scheduleFrames done (fidx 348) (t+9921 ms)
lsfg-vk-app: [dbg] present: doneFd[0] 14 signaled within 500ms: yes (fidx 348) (t+9924 ms)
lsfg-vk-app: [dbg] present: acquire gen 0/1 (fidx 348) (t+9924 ms)
lsfg-vk-app: [dbg] present: acquire real (fidx 348) (t+9924 ms)
lsfg-vk-app: [dbg] present: captureFd 14 signaled within 500ms: yes (fidx 349) (t+9941 ms)
lsfg-vk-app: [dbg] present: FRAME received, scheduleFrames start (fidx 349) (t+9941 ms)
lsfg-vk-app: [dbg] present: scheduleFrames done (fidx 349) (t+9941 ms)
lsfg-vk-app: [dbg] present: doneFd[0] 14 signaled within 500ms: yes (fidx 349) (t+9944 ms)
lsfg-vk-app: [dbg] present: acquire gen 0/1 (fidx 349) (t+9944 ms)
lsfg-vk-app: [dbg] present: acquire real (fidx 349) (t+9944 ms)
lsfg-vk-app: [dbg] present: captureFd 14 signaled within 500ms: yes (fidx 350) (t+9961 ms)
lsfg-vk-app: [dbg] present: FRAME received, scheduleFrames start (fidx 350) (t+9961 ms)
lsfg-vk-app: [dbg] present: scheduleFrames done (fidx 350) (t+9961 ms)
lsfg-vk-app: [dbg] present: doneFd[0] 14 signaled within 500ms: yes (fidx 350) (t+9963 ms)
lsfg-vk-app: [dbg] present: acquire gen 0/1 (fidx 350) (t+9963 ms)
lsfg-vk-app: [dbg] present: acquire real (fidx 350) (t+9963 ms)
lsfg-vk-app: [dbg] present: captureFd 14 signaled within 500ms: yes (fidx 351) (t+9980 ms)
lsfg-vk-app: [dbg] present: FRAME received, scheduleFrames start (fidx 351) (t+9980 ms)
lsfg-vk-app: [dbg] present: scheduleFrames done (fidx 351) (t+9981 ms)
lsfg-vk-app: [dbg] present: doneFd[0] 14 signaled within 500ms: yes (fidx 351) (t+9983 ms)
lsfg-vk-app: [dbg] present: acquire gen 0/1 (fidx 351) (t+9983 ms)
lsfg-vk-app: [dbg] present: acquire real (fidx 351) (t+9983 ms)
lsfg-vk-app: [dbg] present: captureFd 14 signaled within 500ms: yes (fidx 352) (t+9999 ms)
lsfg-vk-app: [dbg] present: FRAME received, scheduleFrames start (fidx 352) (t+9999 ms)
lsfg-vk-app: [dbg] present: scheduleFrames done (fidx 352) (t+9999 ms)
lsfg-vk-app: [dbg] present: doneFd[0] 14 signaled within 500ms: yes (fidx 352) (t+10001 ms)
lsfg-vk-app: [dbg] present: acquire gen 0/1 (fidx 352) (t+10001 ms)
lsfg-vk-app: [dbg] present: acquire real (fidx 352) (t+10001 ms)
lsfg-vk-app: [dbg] present: captureFd 14 signaled within 500ms: yes (fidx 353) (t+10018 ms)
lsfg-vk-app: [dbg] present: FRAME received, scheduleFrames start (fidx 353) (t+10018 ms)
lsfg-vk-app: [dbg] present: scheduleFrames done (fidx 353) (t+10018 ms)
lsfg-vk-app: [dbg] present: doneFd[0] 14 signaled within 500ms: yes (fidx 353) (t+10021 ms)
lsfg-vk-app: [dbg] present: acquire gen 0/1 (fidx 353) (t+10021 ms)
lsfg-vk-app: [dbg] present: acquire real (fidx 353) (t+10021 ms)
lsfg-vk-app: [dbg] present: captureFd 14 signaled within 500ms: yes (fidx 354) (t+10037 ms)
lsfg-vk-app: [dbg] present: FRAME received, scheduleFrames start (fidx 354) (t+10037 ms)
lsfg-vk-app: [dbg] present: scheduleFrames done (fidx 354) (t+10038 ms)
lsfg-vk-app: [dbg] present: doneFd[0] 14 signaled within 500ms: yes (fidx 354) (t+10041 ms)
lsfg-vk-app: [dbg] present: acquire gen 0/1 (fidx 354) (t+10041 ms)
lsfg-vk-app: [dbg] present: acquire real (fidx 354) (t+10041 ms)
lsfg-vk-app: [dbg] present: captureFd 14 signaled within 500ms: yes (fidx 355) (t+10057 ms)
lsfg-vk-app: [dbg] present: FRAME received, scheduleFrames start (fidx 355) (t+10057 ms)
lsfg-vk-app: [dbg] present: scheduleFrames done (fidx 355) (t+10057 ms)
lsfg-vk-app: [dbg] present: doneFd[0] 14 signaled within 500ms: yes (fidx 355) (t+10060 ms)
lsfg-vk-app: [dbg] present: acquire gen 0/1 (fidx 355) (t+10060 ms)
lsfg-vk-app: [dbg] present: acquire real (fidx 355) (t+10060 ms)
lsfg-vk-app: [dbg] present: captureFd 14 signaled within 500ms: yes (fidx 356) (t+10077 ms)
lsfg-vk-app: [dbg] present: FRAME received, scheduleFrames start (fidx 356) (t+10077 ms)
lsfg-vk-app: [dbg] present: scheduleFrames done (fidx 356) (t+10077 ms)
lsfg-vk-app: [dbg] present: doneFd[0] 14 signaled within 500ms: yes (fidx 356) (t+10080 ms)
lsfg-vk-app: [dbg] present: acquire gen 0/1 (fidx 356) (t+10080 ms)
lsfg-vk-app: [dbg] present: acquire real (fidx 356) (t+10080 ms)
lsfg-vk-app: [dbg] present: captureFd 14 signaled within 500ms: yes (fidx 357) (t+10098 ms)
lsfg-vk-app: [dbg] present: FRAME received, scheduleFrames start (fidx 357) (t+10098 ms)
lsfg-vk-app: [dbg] present: scheduleFrames done (fidx 357) (t+10098 ms)
lsfg-vk-app: [dbg] present: doneFd[0] 14 signaled within 500ms: yes (fidx 357) (t+10101 ms)
lsfg-vk-app: [dbg] present: acquire gen 0/1 (fidx 357) (t+10101 ms)
lsfg-vk-app: [dbg] present: acquire real (fidx 357) (t+10101 ms)
lsfg-vk-app: [dbg] present: captureFd 14 signaled within 500ms: yes (fidx 358) (t+10117 ms)
lsfg-vk-app: [dbg] present: FRAME received, scheduleFrames start (fidx 358) (t+10117 ms)
lsfg-vk-app: [dbg] present: scheduleFrames done (fidx 358) (t+10117 ms)
lsfg-vk-app: [dbg] present: doneFd[0] 14 signaled within 500ms: yes (fidx 358) (t+10120 ms)
lsfg-vk-app: [dbg] present: acquire gen 0/1 (fidx 358) (t+10120 ms)
lsfg-vk-app: [dbg] present: acquire real (fidx 358) (t+10120 ms)
lsfg-vk-app: [dbg] present: captureFd 14 signaled within 500ms: yes (fidx 359) (t+10136 ms)
lsfg-vk-app: [dbg] present: FRAME received, scheduleFrames start (fidx 359) (t+10136 ms)
lsfg-vk-app: [dbg] present: scheduleFrames done (fidx 359) (t+10137 ms)
lsfg-vk-app: [dbg] present: doneFd[0] 14 signaled within 500ms: yes (fidx 359) (t+10139 ms)
lsfg-vk-app: [dbg] present: acquire gen 0/1 (fidx 359) (t+10139 ms)
lsfg-vk-app: [dbg] present: acquire real (fidx 359) (t+10139 ms)
lsfg-vk-app: [dbg] present: captureFd 14 signaled within 500ms: yes (fidx 360) (t+10156 ms)
lsfg-vk-app: [dbg] present: FRAME received, scheduleFrames start (fidx 360) (t+10156 ms)
lsfg-vk-app: [dbg] present: scheduleFrames done (fidx 360) (t+10156 ms)
lsfg-vk-app: [dbg] present: doneFd[0] 14 signaled within 500ms: yes (fidx 360) (t+10159 ms)
lsfg-vk-app: [dbg] present: acquire gen 0/1 (fidx 360) (t+10159 ms)
lsfg-vk-app: [dbg] present: acquire real (fidx 360) (t+10159 ms)
lsfg-vk-app: [dbg] present: captureFd 14 signaled within 500ms: yes (fidx 361) (t+10176 ms)
lsfg-vk-app: [dbg] present: FRAME received, scheduleFrames start (fidx 361) (t+10176 ms)
lsfg-vk-app: [dbg] present: scheduleFrames done (fidx 361) (t+10177 ms)
lsfg-vk-app: [dbg] present: doneFd[0] 14 signaled within 500ms: yes (fidx 361) (t+10179 ms)
lsfg-vk-app: [dbg] present: acquire gen 0/1 (fidx 361) (t+10179 ms)
lsfg-vk-app: [dbg] present: acquire real (fidx 361) (t+10179 ms)
lsfg-vk-app: [dbg] present: captureFd 14 signaled within 500ms: yes (fidx 362) (t+10196 ms)
lsfg-vk-app: [dbg] present: FRAME received, scheduleFrames start (fidx 362) (t+10196 ms)
lsfg-vk-app: [dbg] present: scheduleFrames done (fidx 362) (t+10196 ms)
lsfg-vk-app: [dbg] present: doneFd[0] 14 signaled within 500ms: yes (fidx 362) (t+10198 ms)
lsfg-vk-app: [dbg] present: acquire gen 0/1 (fidx 362) (t+10198 ms)
lsfg-vk-app: [dbg] present: acquire real (fidx 362) (t+10198 ms)
lsfg-vk-app: [dbg] present: captureFd 14 signaled within 500ms: yes (fidx 363) (t+10215 ms)
lsfg-vk-app: [dbg] present: FRAME received, scheduleFrames start (fidx 363) (t+10215 ms)
lsfg-vk-app: [dbg] present: scheduleFrames done (fidx 363) (t+10215 ms)
lsfg-vk-app: [dbg] present: doneFd[0] 14 signaled within 500ms: yes (fidx 363) (t+10218 ms)
lsfg-vk-app: [dbg] present: acquire gen 0/1 (fidx 363) (t+10218 ms)
lsfg-vk-app: [dbg] present: acquire real (fidx 363) (t+10218 ms)
lsfg-vk-app: [dbg] present: captureFd 14 signaled within 500ms: yes (fidx 364) (t+10234 ms)
lsfg-vk-app: [dbg] present: FRAME received, scheduleFrames start (fidx 364) (t+10234 ms)
lsfg-vk-app: [dbg] present: scheduleFrames done (fidx 364) (t+10234 ms)
lsfg-vk-app: [dbg] present: doneFd[0] 14 signaled within 500ms: yes (fidx 364) (t+10236 ms)
lsfg-vk-app: [dbg] present: acquire gen 0/1 (fidx 364) (t+10236 ms)
lsfg-vk-app: [dbg] present: acquire real (fidx 364) (t+10236 ms)
lsfg-vk-app: [dbg] present: captureFd 14 signaled within 500ms: yes (fidx 365) (t+10253 ms)
lsfg-vk-app: [dbg] present: FRAME received, scheduleFrames start (fidx 365) (t+10253 ms)
lsfg-vk-app: [dbg] present: scheduleFrames done (fidx 365) (t+10253 ms)
lsfg-vk-app: [dbg] present: doneFd[0] 14 signaled within 500ms: yes (fidx 365) (t+10256 ms)
lsfg-vk-app: [dbg] present: acquire gen 0/1 (fidx 365) (t+10256 ms)
lsfg-vk-app: [dbg] present: acquire real (fidx 365) (t+10256 ms)
lsfg-vk-app: [dbg] present: captureFd 14 signaled within 500ms: yes (fidx 366) (t+10272 ms)
lsfg-vk-app: [dbg] present: FRAME received, scheduleFrames start (fidx 366) (t+10272 ms)
lsfg-vk-app: [dbg] present: scheduleFrames done (fidx 366) (t+10272 ms)
lsfg-vk-app: [dbg] present: doneFd[0] 14 signaled within 500ms: yes (fidx 366) (t+10275 ms)
lsfg-vk-app: [dbg] present: acquire gen 0/1 (fidx 366) (t+10275 ms)
lsfg-vk-app: [dbg] present: acquire real (fidx 366) (t+10275 ms)
lsfg-vk-app: [dbg] present: captureFd 14 signaled within 500ms: yes (fidx 367) (t+10291 ms)
lsfg-vk-app: [dbg] present: FRAME received, scheduleFrames start (fidx 367) (t+10291 ms)
lsfg-vk-app: [dbg] present: scheduleFrames done (fidx 367) (t+10291 ms)
lsfg-vk-app: [dbg] present: doneFd[0] 14 signaled within 500ms: yes (fidx 367) (t+10294 ms)
lsfg-vk-app: [dbg] present: acquire gen 0/1 (fidx 367) (t+10294 ms)
lsfg-vk-app: [dbg] present: acquire real (fidx 367) (t+10294 ms)
lsfg-vk-app: [dbg] present: captureFd 14 signaled within 500ms: yes (fidx 368) (t+10310 ms)
lsfg-vk-app: [dbg] present: FRAME received, scheduleFrames start (fidx 368) (t+10310 ms)
lsfg-vk-app: [dbg] present: scheduleFrames done (fidx 368) (t+10311 ms)
lsfg-vk-app: [dbg] present: doneFd[0] 14 signaled within 500ms: yes (fidx 368) (t+10313 ms)
lsfg-vk-app: [dbg] present: acquire gen 0/1 (fidx 368) (t+10313 ms)
lsfg-vk-app: [dbg] present: acquire real (fidx 368) (t+10313 ms)
lsfg-vk-app: [dbg] present: captureFd 14 signaled within 500ms: yes (fidx 369) (t+10330 ms)
lsfg-vk-app: [dbg] present: FRAME received, scheduleFrames start (fidx 369) (t+10330 ms)
lsfg-vk-app: [dbg] present: scheduleFrames done (fidx 369) (t+10331 ms)
lsfg-vk-app: [dbg] present: doneFd[0] 14 signaled within 500ms: yes (fidx 369) (t+10333 ms)
lsfg-vk-app: [dbg] present: acquire gen 0/1 (fidx 369) (t+10333 ms)
lsfg-vk-app: [dbg] present: acquire real (fidx 369) (t+10333 ms)
lsfg-vk-app: [dbg] present: captureFd 14 signaled within 500ms: yes (fidx 370) (t+10350 ms)
lsfg-vk-app: [dbg] present: FRAME received, scheduleFrames start (fidx 370) (t+10350 ms)
lsfg-vk-app: [dbg] present: scheduleFrames done (fidx 370) (t+10350 ms)
lsfg-vk-app: [dbg] present: doneFd[0] 14 signaled within 500ms: yes (fidx 370) (t+10354 ms)
lsfg-vk-app: [dbg] present: acquire gen 0/1 (fidx 370) (t+10354 ms)
lsfg-vk-app: [dbg] present: acquire real (fidx 370) (t+10354 ms)
lsfg-vk-app: [dbg] present: captureFd 14 signaled within 500ms: yes (fidx 371) (t+10370 ms)
lsfg-vk-app: [dbg] present: FRAME received, scheduleFrames start (fidx 371) (t+10370 ms)
lsfg-vk-app: [dbg] present: scheduleFrames done (fidx 371) (t+10370 ms)
lsfg-vk-app: [dbg] present: doneFd[0] 14 signaled within 500ms: yes (fidx 371) (t+10373 ms)
lsfg-vk-app: [dbg] present: acquire gen 0/1 (fidx 371) (t+10373 ms)
lsfg-vk-app: [dbg] present: acquire real (fidx 371) (t+10373 ms)
lsfg-vk-app: [dbg] present: captureFd 14 signaled within 500ms: yes (fidx 372) (t+10389 ms)
lsfg-vk-app: [dbg] present: FRAME received, scheduleFrames start (fidx 372) (t+10389 ms)
lsfg-vk-app: [dbg] present: scheduleFrames done (fidx 372) (t+10389 ms)
lsfg-vk-app: [dbg] present: doneFd[0] 14 signaled within 500ms: yes (fidx 372) (t+10393 ms)
lsfg-vk-app: [dbg] present: acquire gen 0/1 (fidx 372) (t+10393 ms)
lsfg-vk-app: [dbg] present: acquire real (fidx 372) (t+10393 ms)
lsfg-vk-app: [dbg] present: captureFd 14 signaled within 500ms: yes (fidx 373) (t+10409 ms)
lsfg-vk-app: [dbg] present: FRAME received, scheduleFrames start (fidx 373) (t+10409 ms)
lsfg-vk-app: [dbg] present: scheduleFrames done (fidx 373) (t+10410 ms)
lsfg-vk-app: [dbg] present: doneFd[0] 14 signaled within 500ms: yes (fidx 373) (t+10412 ms)
lsfg-vk-app: [dbg] present: acquire gen 0/1 (fidx 373) (t+10412 ms)
lsfg-vk-app: [dbg] present: acquire real (fidx 373) (t+10412 ms)
lsfg-vk-app: [dbg] present: captureFd 14 signaled within 500ms: yes (fidx 374) (t+10428 ms)
lsfg-vk-app: [dbg] present: FRAME received, scheduleFrames start (fidx 374) (t+10428 ms)
lsfg-vk-app: [dbg] present: scheduleFrames done (fidx 374) (t+10429 ms)
lsfg-vk-app: [dbg] present: doneFd[0] 14 signaled within 500ms: yes (fidx 374) (t+10432 ms)
lsfg-vk-app: [dbg] present: acquire gen 0/1 (fidx 374) (t+10432 ms)
lsfg-vk-app: [dbg] present: acquire real (fidx 374) (t+10432 ms)
lsfg-vk-app: [dbg] present: captureFd 14 signaled within 500ms: yes (fidx 375) (t+10448 ms)
lsfg-vk-app: [dbg] present: FRAME received, scheduleFrames start (fidx 375) (t+10448 ms)
lsfg-vk-app: [dbg] present: scheduleFrames done (fidx 375) (t+10449 ms)
lsfg-vk-app: [dbg] present: doneFd[0] 14 signaled within 500ms: yes (fidx 375) (t+10451 ms)
lsfg-vk-app: [dbg] present: acquire gen 0/1 (fidx 375) (t+10451 ms)
lsfg-vk-app: [dbg] present: acquire real (fidx 375) (t+10451 ms)
lsfg-vk-app: [dbg] present: captureFd 14 signaled within 500ms: yes (fidx 376) (t+10467 ms)
lsfg-vk-app: [dbg] present: FRAME received, scheduleFrames start (fidx 376) (t+10467 ms)
lsfg-vk-app: [dbg] present: scheduleFrames done (fidx 376) (t+10468 ms)
lsfg-vk-app: [dbg] present: doneFd[0] 14 signaled within 500ms: yes (fidx 376) (t+10470 ms)
lsfg-vk-app: [dbg] present: acquire gen 0/1 (fidx 376) (t+10470 ms)
lsfg-vk-app: [dbg] present: acquire real (fidx 376) (t+10471 ms)
lsfg-vk-app: [dbg] present: captureFd 14 signaled within 500ms: yes (fidx 377) (t+10488 ms)
lsfg-vk-app: [dbg] present: FRAME received, scheduleFrames start (fidx 377) (t+10488 ms)
lsfg-vk-app: [dbg] present: scheduleFrames done (fidx 377) (t+10488 ms)
lsfg-vk-app: [dbg] present: doneFd[0] 14 signaled within 500ms: yes (fidx 377) (t+10491 ms)
lsfg-vk-app: [dbg] present: acquire gen 0/1 (fidx 377) (t+10491 ms)
lsfg-vk-app: [dbg] present: acquire real (fidx 377) (t+10491 ms)
lsfg-vk-app: [dbg] present: captureFd 14 signaled within 500ms: yes (fidx 378) (t+10508 ms)
lsfg-vk-app: [dbg] present: FRAME received, scheduleFrames start (fidx 378) (t+10508 ms)
lsfg-vk-app: [dbg] present: scheduleFrames done (fidx 378) (t+10508 ms)
lsfg-vk-app: [dbg] present: doneFd[0] 14 signaled within 500ms: yes (fidx 378) (t+10511 ms)
lsfg-vk-app: [dbg] present: acquire gen 0/1 (fidx 378) (t+10511 ms)
lsfg-vk-app: [dbg] present: acquire real (fidx 378) (t+10511 ms)
lsfg-vk-app: [dbg] present: captureFd 14 signaled within 500ms: yes (fidx 379) (t+10528 ms)
lsfg-vk-app: [dbg] present: FRAME received, scheduleFrames start (fidx 379) (t+10528 ms)
lsfg-vk-app: [dbg] present: scheduleFrames done (fidx 379) (t+10528 ms)
lsfg-vk-app: [dbg] present: doneFd[0] 14 signaled within 500ms: yes (fidx 379) (t+10530 ms)
lsfg-vk-app: [dbg] present: acquire gen 0/1 (fidx 379) (t+10530 ms)
lsfg-vk-app: [dbg] present: acquire real (fidx 379) (t+10530 ms)
lsfg-vk-app: [dbg] present: captureFd 14 signaled within 500ms: yes (fidx 380) (t+10547 ms)
lsfg-vk-app: [dbg] present: FRAME received, scheduleFrames start (fidx 380) (t+10547 ms)
lsfg-vk-app: [dbg] present: scheduleFrames done (fidx 380) (t+10547 ms)
lsfg-vk-app: [dbg] present: doneFd[0] 14 signaled within 500ms: yes (fidx 380) (t+10550 ms)
lsfg-vk-app: [dbg] present: acquire gen 0/1 (fidx 380) (t+10550 ms)
lsfg-vk-app: [dbg] present: acquire real (fidx 380) (t+10550 ms)
lsfg-vk-app: [dbg] present: captureFd 14 signaled within 500ms: yes (fidx 381) (t+10567 ms)
lsfg-vk-app: [dbg] present: FRAME received, scheduleFrames start (fidx 381) (t+10567 ms)
lsfg-vk-app: [dbg] present: scheduleFrames done (fidx 381) (t+10567 ms)
lsfg-vk-app: [dbg] present: doneFd[0] 14 signaled within 500ms: yes (fidx 381) (t+10571 ms)
lsfg-vk-app: [dbg] present: acquire gen 0/1 (fidx 381) (t+10571 ms)
lsfg-vk-app: [dbg] present: acquire real (fidx 381) (t+10571 ms)
lsfg-vk-app: [dbg] present: captureFd 14 signaled within 500ms: yes (fidx 382) (t+10587 ms)
lsfg-vk-app: [dbg] present: FRAME received, scheduleFrames start (fidx 382) (t+10587 ms)
lsfg-vk-app: [dbg] present: scheduleFrames done (fidx 382) (t+10587 ms)
lsfg-vk-app: [dbg] present: doneFd[0] 14 signaled within 500ms: yes (fidx 382) (t+10589 ms)
lsfg-vk-app: [dbg] present: acquire gen 0/1 (fidx 382) (t+10589 ms)
lsfg-vk-app: [dbg] present: acquire real (fidx 382) (t+10589 ms)
lsfg-vk-app: [dbg] present: captureFd 14 signaled within 500ms: yes (fidx 383) (t+10607 ms)
lsfg-vk-app: [dbg] present: FRAME received, scheduleFrames start (fidx 383) (t+10607 ms)
lsfg-vk-app: [dbg] present: scheduleFrames done (fidx 383) (t+10607 ms)
lsfg-vk-app: [dbg] present: doneFd[0] 14 signaled within 500ms: yes (fidx 383) (t+10609 ms)
lsfg-vk-app: [dbg] present: acquire gen 0/1 (fidx 383) (t+10609 ms)
lsfg-vk-app: [dbg] present: acquire real (fidx 383) (t+10609 ms)
lsfg-vk-app: [dbg] present: captureFd 14 signaled within 500ms: yes (fidx 384) (t+10625 ms)
lsfg-vk-app: [dbg] present: FRAME received, scheduleFrames start (fidx 384) (t+10626 ms)
lsfg-vk-app: [dbg] present: scheduleFrames done (fidx 384) (t+10626 ms)
lsfg-vk-app: [dbg] present: doneFd[0] 14 signaled within 500ms: yes (fidx 384) (t+10628 ms)
lsfg-vk-app: [dbg] present: acquire gen 0/1 (fidx 384) (t+10628 ms)
lsfg-vk-app: [dbg] present: acquire real (fidx 384) (t+10628 ms)
lsfg-vk-app: [dbg] present: captureFd 14 signaled within 500ms: yes (fidx 385) (t+10645 ms)
lsfg-vk-app: [dbg] present: FRAME received, scheduleFrames start (fidx 385) (t+10645 ms)
lsfg-vk-app: [dbg] present: scheduleFrames done (fidx 385) (t+10645 ms)
lsfg-vk-app: [dbg] present: doneFd[0] 14 signaled within 500ms: yes (fidx 385) (t+10647 ms)
lsfg-vk-app: [dbg] present: acquire gen 0/1 (fidx 385) (t+10647 ms)
lsfg-vk-app: [dbg] present: acquire real (fidx 385) (t+10647 ms)
lsfg-vk-app: [dbg] present: captureFd 14 signaled within 500ms: yes (fidx 386) (t+10665 ms)
lsfg-vk-app: [dbg] present: FRAME received, scheduleFrames start (fidx 386) (t+10665 ms)
lsfg-vk-app: [dbg] present: scheduleFrames done (fidx 386) (t+10665 ms)
lsfg-vk-app: [dbg] present: doneFd[0] 14 signaled within 500ms: yes (fidx 386) (t+10667 ms)
lsfg-vk-app: [dbg] present: acquire gen 0/1 (fidx 386) (t+10667 ms)
lsfg-vk-app: [dbg] present: acquire real (fidx 386) (t+10667 ms)
lsfg-vk-app: [dbg] present: captureFd 14 signaled within 500ms: yes (fidx 387) (t+10684 ms)
lsfg-vk-app: [dbg] present: FRAME received, scheduleFrames start (fidx 387) (t+10684 ms)
lsfg-vk-app: [dbg] present: scheduleFrames done (fidx 387) (t+10684 ms)
lsfg-vk-app: [dbg] present: doneFd[0] 14 signaled within 500ms: yes (fidx 387) (t+10686 ms)
lsfg-vk-app: [dbg] present: acquire gen 0/1 (fidx 387) (t+10686 ms)
lsfg-vk-app: [dbg] present: acquire real (fidx 387) (t+10686 ms)
lsfg-vk-app: [dbg] present: captureFd 14 signaled within 500ms: yes (fidx 388) (t+10703 ms)
lsfg-vk-app: [dbg] present: FRAME received, scheduleFrames start (fidx 388) (t+10703 ms)
lsfg-vk-app: [dbg] present: scheduleFrames done (fidx 388) (t+10703 ms)
lsfg-vk-app: [dbg] present: doneFd[0] 14 signaled within 500ms: yes (fidx 388) (t+10706 ms)
lsfg-vk-app: [dbg] present: acquire gen 0/1 (fidx 388) (t+10706 ms)
lsfg-vk-app: [dbg] present: acquire real (fidx 388) (t+10706 ms)
lsfg-vk-app: [dbg] present: captureFd 14 signaled within 500ms: yes (fidx 389) (t+10722 ms)
lsfg-vk-app: [dbg] present: FRAME received, scheduleFrames start (fidx 389) (t+10722 ms)
lsfg-vk-app: [dbg] present: scheduleFrames done (fidx 389) (t+10723 ms)
lsfg-vk-app: [dbg] present: doneFd[0] 14 signaled within 500ms: yes (fidx 389) (t+10725 ms)
lsfg-vk-app: [dbg] present: acquire gen 0/1 (fidx 389) (t+10725 ms)
lsfg-vk-app: [dbg] present: acquire real (fidx 389) (t+10726 ms)
lsfg-vk-app: [dbg] present: captureFd 14 signaled within 500ms: yes (fidx 390) (t+10742 ms)
lsfg-vk-app: [dbg] present: FRAME received, scheduleFrames start (fidx 390) (t+10742 ms)
lsfg-vk-app: [dbg] present: scheduleFrames done (fidx 390) (t+10742 ms)
lsfg-vk-app: [dbg] present: doneFd[0] 14 signaled within 500ms: yes (fidx 390) (t+10744 ms)
lsfg-vk-app: [dbg] present: acquire gen 0/1 (fidx 390) (t+10744 ms)
lsfg-vk-app: [dbg] present: acquire real (fidx 390) (t+10744 ms)
lsfg-vk-app: [dbg] present: captureFd 14 signaled within 500ms: yes (fidx 391) (t+10760 ms)
lsfg-vk-app: [dbg] present: FRAME received, scheduleFrames start (fidx 391) (t+10760 ms)
lsfg-vk-app: [dbg] present: scheduleFrames done (fidx 391) (t+10761 ms)
lsfg-vk-app: [dbg] present: doneFd[0] 14 signaled within 500ms: yes (fidx 391) (t+10764 ms)
lsfg-vk-app: [dbg] present: acquire gen 0/1 (fidx 391) (t+10764 ms)
lsfg-vk-app: [dbg] present: acquire real (fidx 391) (t+10764 ms)
lsfg-vk-app: [dbg] present: captureFd 14 signaled within 500ms: yes (fidx 392) (t+10780 ms)
lsfg-vk-app: [dbg] present: FRAME received, scheduleFrames start (fidx 392) (t+10780 ms)
lsfg-vk-app: [dbg] present: scheduleFrames done (fidx 392) (t+10780 ms)
lsfg-vk-app: [dbg] present: doneFd[0] 14 signaled within 500ms: yes (fidx 392) (t+10783 ms)
lsfg-vk-app: [dbg] present: acquire gen 0/1 (fidx 392) (t+10783 ms)
lsfg-vk-app: [dbg] present: acquire real (fidx 392) (t+10783 ms)
lsfg-vk-app: [dbg] present: captureFd 14 signaled within 500ms: yes (fidx 393) (t+10799 ms)
lsfg-vk-app: [dbg] present: FRAME received, scheduleFrames start (fidx 393) (t+10799 ms)
lsfg-vk-app: [dbg] present: scheduleFrames done (fidx 393) (t+10799 ms)
lsfg-vk-app: [dbg] present: doneFd[0] 14 signaled within 500ms: yes (fidx 393) (t+10802 ms)
lsfg-vk-app: [dbg] present: acquire gen 0/1 (fidx 393) (t+10802 ms)
lsfg-vk-app: [dbg] present: acquire real (fidx 393) (t+10802 ms)
lsfg-vk-app: [dbg] present: captureFd 14 signaled within 500ms: yes (fidx 394) (t+10818 ms)
lsfg-vk-app: [dbg] present: FRAME received, scheduleFrames start (fidx 394) (t+10818 ms)
lsfg-vk-app: [dbg] present: scheduleFrames done (fidx 394) (t+10818 ms)
lsfg-vk-app: [dbg] present: doneFd[0] 14 signaled within 500ms: yes (fidx 394) (t+10821 ms)
lsfg-vk-app: [dbg] present: acquire gen 0/1 (fidx 394) (t+10821 ms)
lsfg-vk-app: [dbg] present: acquire real (fidx 394) (t+10821 ms)
lsfg-vk-app: [dbg] present: captureFd 14 signaled within 500ms: yes (fidx 395) (t+10837 ms)
lsfg-vk-app: [dbg] present: FRAME received, scheduleFrames start (fidx 395) (t+10837 ms)
lsfg-vk-app: [dbg] present: scheduleFrames done (fidx 395) (t+10838 ms)
lsfg-vk-app: [dbg] present: doneFd[0] 14 signaled within 500ms: yes (fidx 395) (t+10840 ms)
lsfg-vk-app: [dbg] present: acquire gen 0/1 (fidx 395) (t+10840 ms)
lsfg-vk-app: [dbg] present: acquire real (fidx 395) (t+10840 ms)
lsfg-vk-app: [dbg] present: captureFd 14 signaled within 500ms: yes (fidx 396) (t+10857 ms)
lsfg-vk-app: [dbg] present: FRAME received, scheduleFrames start (fidx 396) (t+10857 ms)
lsfg-vk-app: [dbg] present: scheduleFrames done (fidx 396) (t+10857 ms)
lsfg-vk-app: [dbg] present: doneFd[0] 14 signaled within 500ms: yes (fidx 396) (t+10860 ms)
lsfg-vk-app: [dbg] present: acquire gen 0/1 (fidx 396) (t+10860 ms)
lsfg-vk-app: [dbg] present: acquire real (fidx 396) (t+10860 ms)
lsfg-vk-app: [dbg] present: captureFd 14 signaled within 500ms: yes (fidx 397) (t+10876 ms)
lsfg-vk-app: [dbg] present: FRAME received, scheduleFrames start (fidx 397) (t+10876 ms)
lsfg-vk-app: [dbg] present: scheduleFrames done (fidx 397) (t+10876 ms)
lsfg-vk-app: [dbg] present: doneFd[0] 14 signaled within 500ms: yes (fidx 397) (t+10878 ms)
lsfg-vk-app: [dbg] present: acquire gen 0/1 (fidx 397) (t+10878 ms)
lsfg-vk-app: [dbg] present: acquire real (fidx 397) (t+10878 ms)
lsfg-vk-app: [dbg] present: captureFd 14 signaled within 500ms: yes (fidx 398) (t+10895 ms)
lsfg-vk-app: [dbg] present: FRAME received, scheduleFrames start (fidx 398) (t+10895 ms)
lsfg-vk-app: [dbg] present: scheduleFrames done (fidx 398) (t+10895 ms)
lsfg-vk-app: [dbg] present: doneFd[0] 14 signaled within 500ms: yes (fidx 398) (t+10897 ms)
lsfg-vk-app: [dbg] present: acquire gen 0/1 (fidx 398) (t+10897 ms)
lsfg-vk-app: [dbg] present: acquire real (fidx 398) (t+10897 ms)
lsfg-vk-app: [dbg] present: captureFd 14 signaled within 500ms: yes (fidx 399) (t+10913 ms)
lsfg-vk-app: [dbg] present: FRAME received, scheduleFrames start (fidx 399) (t+10913 ms)
lsfg-vk-app: [dbg] present: scheduleFrames done (fidx 399) (t+10913 ms)
lsfg-vk-app: [dbg] present: doneFd[0] 14 signaled within 500ms: yes (fidx 399) (t+10917 ms)
lsfg-vk-app: [dbg] present: acquire gen 0/1 (fidx 399) (t+10917 ms)
lsfg-vk-app: [dbg] present: acquire real (fidx 399) (t+10917 ms)
lsfg-vk-app: [dbg] present: captureFd 14 signaled within 500ms: yes (fidx 400) (t+10933 ms)
lsfg-vk-app: [dbg] present: FRAME received, scheduleFrames start (fidx 400) (t+10933 ms)
lsfg-vk-app: [dbg] present: scheduleFrames done (fidx 400) (t+10934 ms)
lsfg-vk-app: [dbg] present: doneFd[0] 14 signaled within 500ms: yes (fidx 400) (t+10936 ms)
lsfg-vk-app: [dbg] present: acquire gen 0/1 (fidx 400) (t+10936 ms)
lsfg-vk-app: [dbg] present: acquire real (fidx 400) (t+10936 ms)
lsfg-vk-app: [dbg] present: captureFd 14 signaled within 500ms: yes (fidx 401) (t+10952 ms)
lsfg-vk-app: [dbg] present: FRAME received, scheduleFrames start (fidx 401) (t+10952 ms)
lsfg-vk-app: [dbg] present: scheduleFrames done (fidx 401) (t+10952 ms)
lsfg-vk-app: [dbg] present: doneFd[0] 14 signaled within 500ms: yes (fidx 401) (t+10956 ms)
lsfg-vk-app: [dbg] present: acquire gen 0/1 (fidx 401) (t+10956 ms)
lsfg-vk-app: [dbg] present: acquire real (fidx 401) (t+10956 ms)
lsfg-vk-app: [dbg] present: captureFd 14 signaled within 500ms: yes (fidx 402) (t+10972 ms)
lsfg-vk-app: [dbg] present: FRAME received, scheduleFrames start (fidx 402) (t+10972 ms)
lsfg-vk-app: [dbg] present: scheduleFrames done (fidx 402) (t+10972 ms)
lsfg-vk-app: [dbg] present: doneFd[0] 14 signaled within 500ms: yes (fidx 402) (t+10975 ms)
lsfg-vk-app: [dbg] present: acquire gen 0/1 (fidx 402) (t+10975 ms)
lsfg-vk-app: [dbg] present: acquire real (fidx 402) (t+10975 ms)
lsfg-vk-app: [dbg] present: captureFd 14 signaled within 500ms: yes (fidx 403) (t+10992 ms)
lsfg-vk-app: [dbg] present: FRAME received, scheduleFrames start (fidx 403) (t+10992 ms)
lsfg-vk-app: [dbg] present: scheduleFrames done (fidx 403) (t+10992 ms)
lsfg-vk-app: [dbg] present: doneFd[0] 14 signaled within 500ms: yes (fidx 403) (t+10995 ms)
lsfg-vk-app: [dbg] present: acquire gen 0/1 (fidx 403) (t+10995 ms)
lsfg-vk-app: [dbg] present: acquire real (fidx 403) (t+10995 ms)
lsfg-vk-app: [dbg] present: captureFd 14 signaled within 500ms: yes (fidx 404) (t+11012 ms)
lsfg-vk-app: [dbg] present: FRAME received, scheduleFrames start (fidx 404) (t+11012 ms)
lsfg-vk-app: [dbg] present: scheduleFrames done (fidx 404) (t+11012 ms)
lsfg-vk-app: [dbg] present: doneFd[0] 14 signaled within 500ms: yes (fidx 404) (t+11014 ms)
lsfg-vk-app: [dbg] present: acquire gen 0/1 (fidx 404) (t+11014 ms)
lsfg-vk-app: [dbg] present: acquire real (fidx 404) (t+11014 ms)
lsfg-vk-app: [dbg] guard: destroying swapchain (t+11014 ms)
lsfg-vk-app: [dbg] guard: swapchain destroyed, destroying wsi (t+11014 ms)
lsfg-vk-app: [dbg] guard: wsi destroyed (t+11014 ms)
lsfg-vk-app: [dbg] main: runStream returned (catch) (t+11014 ms)
lsfg-vk-app: stream ended: send() on ipc socket failed: Broken pipe
lsfg-vk-app: [dbg] main: about to erase stream state (dtor) (t+11014 ms)
lsfg-vk-app: [dbg] main: erasing stream state (t+11014 ms)
lsfg-vk-app: [dbg] dtor: staging fds closed, member destructors next (context/images) (t+11014 ms)
lsfg-vk-app: [dbg] main: stream state erased (dtor done) (t+11016 ms)
lsfg-vk-app: [dbg] main: about to poll listener (t+11016 ms)
